2009 Amazon Affiliate Income,,,,
Product Line,Item Name,Seller,Items Shipped,Revenue ($)
Health & Personal Care,(1) Dr. Schulze Intestinal Formula #1 Colon Cleanse Laxative - 90 Capsules,Third Party,1,$18.09
Books,"1,000 Artist Journal Pages: Personal Pages and Inspirations (1000 Series)",Third Party,1,$15.68
Books,100 Minds That Made the Market (Fisher Investments Press),Amazon.com,1,$13.57
Books,1001 Natural Wonders You Must See Before You Die: UNESCO Edition,Amazon.com,1,$23.10
Books,1001 Paintings You Must See Before You Die,Amazon.com,1,$24.39
Electronics,"13 Pack of HP 02 Compatible Ink Cartridges: 3 Black + 2 Cyan, Magenta, Yellow, Light Cyan, Light Magenta by 4inkjets/LD",Third Party,1,$59.99
Tools & Hardware,16-Piece Deluxe Watch Opener Tool Kit Repair Pin Remover,Third Party,1,$9.75
Electronics,"2 in 1 USB Retractable Data Cable for Creative Zen Vision V, V Plus, Micro, Micro Photo, Muvo Slim, Xmod, Stone, Neeon 2, Neeon 512mb, Neeon 1gb, Neeo",Third Party,2,$6.66
Books,2 Over 1 Game Force (The Official Better Bridge),Amazon.com,1,$13.57
Books,2666: A Novel,Third Party,1,$11.97
Toys & Games,2-Channel RC Super Sonic Radio Control Airplane,Third Party,1,$21.25
Kitchen & Housewares,3D THE BRAIN Miscellaneous Candy Mold Chocolate,Third Party,1,$2.29
Other,5 X LED MINI MICRO BLACK KEYCHAIN KEY RING SUPER BRIGHT FLASH LIGHT WHITE LIGHT,Third Party,1,$9.95
MP3 Downloads,500+ Sound Effects,Amazon.com,1,$1.99
MP3 Downloads,808s & Heartbreak,Amazon.com,1,$5.00
Books,92 Pacific Boulevard (Cedar Cove),Amazon.com,1,$7.99
Books,A Bold Fresh Piece of Humanity,Amazon.com,1,$15.60
Books,A Charlie Brown Thanksgiving (Peanuts),Amazon.com,1,$4.95
Books,A Good Man in Africa: A Novel,Amazon.com,1,$10.85
Books,A Guide to Microsoft Excel 2007 for Scientists and Engineers,Amazon.com,1,$25.80
Music,A Hundred Things Keep Me Up At Night,Amazon.com,1,$13.99
Video On Demand Videos,A Little Hometown Love,Amazon.com,1,$0.99
Books,A Madman Dreams of Turing Machines,Amazon.com,1,$10.94
Music,A Picture of Nectar,Amazon.com,1,$10.99
Kindle eBooks,A Princess of Landover,Third Party,1,$9.99
Books,A Revolution In Eating: How the Quest for Food Shaped America (Arts and Traditions of the Table),Third Party,1,$0.95
Books,A Week At The Airport: A Heathrow Diary,Third Party,1,$9.99
Health & Personal Care,"Acai Berry Extreme All-In-One Colon Cleanse, Weight Loss, Antioxidant, Appetite Suppressant, Metabolism Booster",Third Party,1,$32.95
Books,Access 2003 Bible,Amazon.com,1,$31.49
Books,Access 2003 Bible,Third Party,1,$18.55
Books,Access 2003 Bible,Third Party,1,$15.47
Books,Access 2007 All-in-One Desk Reference For Dummies,Amazon.com,1,$19.79
Books,Access 2007 For Dummies,Amazon.com,1,$14.29
Books,"Access 2007 Programming by Example with VBA, XML, and ASP (Wordware Database Library)",Amazon.com,1,$26.37
Books,Access 2007 VBA Bible: For Data-Centric Microsoft Office Applications,Amazon.com,1,$26.39
Books,Access 2007 VBA Programmer's Reference (Programmer to Programmer),Amazon.com,1,$26.39
Books,Access 2007 VBA Programming For Dummies,Amazon.com,1,$16.49
Books,Access 2007 VBA Programming For Dummies,Amazon.com,1,$8.25
Books,Access 2007: The Missing Manual,Amazon.com,1,$23.09
Books,Access VBA Programming For Dummies,Amazon.com,1,$16.49
Books,Accounting For Dummies,Amazon.com,1,$14.95
Health & Personal Care,"Accu-Chek-Aviva Test Strips, 50 Test Strips",Third Party,1,$25.75
Tools & Hardware,AccuSharp 001 Knife Sharpener,Amazon.com,1,$9.49
Books,Adobe Acrobat 9 Classroom in a Book,Amazon.com,1,$37.79
Software,Adobe Acrobat Professional 9,Amazon.com,1,$299.99
Software,Adobe Acrobat Standard 9,Amazon.com,1,$242.99
Apparel & Accessories,Adult Brain Costume Hat,Third Party,1,$14.99
Apparel & Accessories,Adult Brain Costume Hat,Third Party,1,$14.99
Health & Personal Care,Adventure Medical Kits/Tender Corporation QuikClot Travel hemostatic clotting bag,Amazon.com,1,$9.98
Video Games,Alias,Third Party,1,$0.01
Books,Alice's Adventures in Wonderland and Through the Looking Glass (Signet Classics),Amazon.com,1,$3.95
Books,Alison Balter's Mastering Microsoft Office Access 2003,Third Party,1,$8.50
Books,Alison Balter's Mastering Microsoft Office Access 2007 Development,Amazon.com,1,$40.94
Books,All New Square Foot Gardening,Amazon.com,1,$11.99
Music,All Things Must Pass [DIGI-PAK EDITION],Amazon.com,1,$18.97
Electronics,Altec Lansing T612 Digital Speaker for iPod and iPhone (Black),Third Party,1,$109.99
MP3 Downloads,Amazing Grace,Amazon.com,1,$0.89
Kindle Hardware,Amazon Kindle 2 Leather Cover,Amazon.com,1,$29.99
Kindle Hardware,Amazon Kindle 2 Leather Cover,Amazon.com,1,$29.99
Kindle Hardware,Amazon Kindle Leather Cover (fits 2nd Generation Kindle),Amazon.com,1,$29.99
DVD,Amongst White Clouds,Amazon.com,1,$22.49
Kindle eBooks,Amusements in Mathematics,Amazon.com,1,$1.59
Books,An Abundance of Katherines,Amazon.com,1,$7.99
DVD,Animusic - A Computer Animation Video Album (Special Edition),Amazon.com,1,$19.98
DVD,Animusic 2 - A New Computer Animation Video Album,Amazon.com,1,$19.95
Books,Annapurna,Amazon.com,1,$11.53
Electronics,Antec MX-100 3.5-Inch USB Aluminum Enclosure for SATA Hard Drive,Amazon.com,1,$30.25
Electronics,Antec MX-100 3.5-Inch USB Aluminum Enclosure for SATA Hard Drive,Amazon.com,-1,-$30.25
Electronics,APC LE1200 1200VA Voltage Regulator,Amazon.com,2,$102.80
Apparel & Accessories,Apple iPhone 3G Stylus Pen (Silver),Third Party,2,$1.54
Books,Applied Statistics (with Microsoft Excel and CD-ROM),Third Party,1,$16.67
Books,Arabian Sands (Penguin Classics),Amazon.com,1,$10.20
Books,Art Journals and Creative Healing: Restoring the Spirit Through Self-Expression,Amazon.com,1,$16.49
MP3 Downloads,At Last,Third Party,1,$0.99
MP3 Downloads,At Last,Amazon.com,1,$0.99
MP3 Downloads,At Last,Amazon.com,1,$0.79
MP3 Downloads,At This Moment,Third Party,1,$0.99
Toys & Games,Bacon Air Freshener,Third Party,1,$1.39
Toys & Games,Bacon Bandages,Third Party,1,$0.99
Toys & Games,Bacon Soap,Third Party,1,$4.95
Toys & Games,Bacon Wallet,Third Party,1,$11.99
Books,Balanced Scorecards & Operational Dashboards with Microsoft Excel,Amazon.com,1,$31.49
MP3 Downloads,Battle Studies,Third Party,1,$8.99
MP3 Downloads,Be Here,Amazon.com,1,$5.00
Books,Beat the Reaper: A Novel,Amazon.com,1,$15.74
Books,"Becoming a Graphic Designer: A Guide to Careers in Design, 2nd Edition",Third Party,1,$16.73
Books,Becoming an Interior Designer: A Guide to Careers in Design,Amazon.com,1,$26.37
Books,Beginning PivotTables in Excel 2007: From Novice to Professional (Beginning from Novice to Professional),Third Party,1,$4.49
Electronics,Belkin USB 2.0 4-Port Ultra Mini Hub F5U407,Third Party,1,$4.95
Books,Bent Objects: The Secret Life of Everyday Things,Amazon.com,1,$12.21
Books,Bent Objects: The Secret Life of Everyday Things,Third Party,1,$6.69
Books,Better: A Surgeon's Notes on Performance,Third Party,1,$4.24
Cell Phones & Service,"Black Leather Case for Palm Treo 600/ 650/ 680/ 700p/ 700w/ 700x/ 750/ 755p (Horizontal, Black)",Third Party,1,$2.58
Video Games,Black Mirror,Third Party,1,$4.79
Sports & Outdoors,Black OPS - Military TIN Survival KIT,Third Party,1,$19.99
Video Games,Blade Runner,Third Party,1,$7.99
Books,Blinding Light: A Novel,Amazon.com,1,$14.65
Magazine Subscriptions,Bon Appetit (1-year),Third Party,1,$15.00
Books,Bookkeeping For Dummies (For Dummies (Business & Personal Finance)),Amazon.com,1,$12.99
Music,Born to Be Wild,Third Party,1,$21.99
DVD,Boston Legal - Seasons 1-4,Amazon.com,1,$109.99
DVD,Boston Legal: Season Five,Amazon.com,1,$31.99
Health & Personal Care Appliances,Braun Clean & Renew Refills (3 Pack),Amazon.com,1,$18.99
Books,Brazilian Jiu-Jitsu: For Experts Only,Amazon.com,1,$21.86
DVD,Bread and Roses,Third Party,1,$1.99
Books,Breaking the Patterns of Depression,Third Party,1,$0.15
Health & Personal Care,"Breathe Right Nasal Strips, Extra, 26-Count Box",Amazon.com,4,$44.36
Books,Bridge: 25 Ways to Compete in the Bidding (Bridge (Master Point Press)),Amazon.com,1,$12.89
Music,Bruckner: Die 3 Messen/Masses Nos. 1-3/Les Messes,Third Party,1,$9.95
MP3 Downloads,Buffet Hotel,Amazon.com,1,$3.99
MP3 Downloads,Build Me This,Amazon.com,1,$8.99
Books,Building Financial Models (McGraw-Hill Finance & Investing),Amazon.com,1,$53.96
Books,"Business Statistics for Competitive Advantage with Excel 2007: Basics, Model Building and Cases",Third Party,1,$35.89
Electronics,Cables To Go - 13042 - 25ft Velocity RCA Audio Extension Cable,Amazon.com,1,$16.95
Sports & Outdoors,CamelBak BPA-Free 0.75-Liter Limited Edition Better Bottle (Chocolate Houndstooth),Amazon.com,1,$6.76
Sports & Outdoors,CamelBak BPA-Free 0.75-Liter Limited Edition Better Bottle (Ice Winter),Amazon.com,1,$7.27
Books,Candide: Or Optimism (Penguin Classics),Amazon.com,1,$9.60
Electronics,"Canon NB-4L Battery Pack for the SD400, SD630, SD600, SD750, SD1000 & TX1 Digital Cameras",Third Party,1,$26.29
MP3 Downloads,Canto Triste,Amazon.com,1,$0.99
MP3 Downloads,Casa Forte,Amazon.com,1,$0.99
Electronics,Caselogic Neoprene LHDC-1 Portable Hard Drive Case (Dark Gray),Amazon.com,1,$9.97
MP3 Downloads,Casting Crowns,Third Party,1,$9.90
Apparel & Accessories,Centipede Giant Prop,Third Party,1,$30.88
Sports & Outdoors,"Ceramic Drunk Chicken Heads - New!, Bug Eyed",Third Party,2,$29.90
Sports & Outdoors,"Ceramic Drunk Chicken Heads - New!, Bug Eyed",Third Party,1,$14.95
Sports & Outdoors,"Ceramic Drunk Chicken Heads - New!, Malibu",Third Party,1,$14.95
Sports & Outdoors,"Ceramic Drunk Chicken Heads - New!, Southwestern",Third Party,3,$44.85
MP3 Downloads,Change (In The House Of Flies) (Remastered Acoustic Version) [Explicit],Amazon.com,1,$0.99
DVD,Che - AKA Che Guevara,Amazon.com,1,$9.99
MP3 Downloads,Cherry Street,Amazon.com,1,$0.99
Kindle eBooks,Child of a Dead God,Amazon.com,1,$6.39
Books,Clinton Anderson's Downunder Horsemanship: Establishing Respect and Control for English and Western Riders,Third Party,1,$19.77
Books,Collapse: How Societies Choose to Fail or Succeed,Amazon.com,1,$9.63
Books,Colonization Violence & Narration: In White South African Writing,Amazon.com,1,$26.95
Books,Conceptual Physical Science (4th Edition),Amazon.com,1,$106.31
Video Games,Condemned 2: Bloodshot,Third Party,1,$5.58
MP3 Downloads,Could It Be I'm Falling In Love,Amazon.com,1,$0.99
Tools & Hardware,CRC 03039 16oz Food Grade Silicone Non-Aerosol Spray,Third Party,1,$11.85
Electronics,Creative Labs Xmod Wireless Music System with X-Fi Technology,Third Party,1,$39.99
Health & Personal Care,"Crown-Okamoto Super Thin Condoms, 100ct",Third Party,1,$9.95
Books,Crystal Reports 2008: The Complete Reference (Osborne Complete Reference Series),Amazon.com,1,$37.79
Kitchen & Housewares,Cuisinart 89-10AZ Classic Stainless 10 Piece Set,Amazon.com,1,$109.99
Kitchen & Housewares,Cuisinart Chef's Classic Stainless 3-1/2-Quart Saute Pan with Helper Handle & Cover,Amazon.com,1,$54.95
Kitchen & Housewares,Cuisinart Chef's Classic Stainless 5-1/2-Quart Saute Pan with Helper Handle and Cover,Amazon.com,1,$48.99
Video Games,Culpa Innata,Third Party,1,$4.95
Video Games,Culpa Innata,Third Party,-1,-$4.95
Books,Cutting Edge PowerPoint For Dummies,Third Party,1,$3.86
Electronics,CyberPower High-Speed 7-Port USB Hub,Amazon.com,2,$55.98
Sports & Outdoors,Dallas Cowboys Adult Comfy Throw Blanket with Sleeves,Third Party,1,$22.46
Sports & Outdoors,Dallas Cowboys Fiber Reactive Beach Towel,Amazon.com,1,$17.99
DVD,Damages: The Complete First Season,Third Party,1,$24.35
Books,Dave Barry Does Japan,Third Party,1,$0.01
Books,Dave Barry in Cyberspace,Third Party,1,$0.01
Books,"Dead and Gone (Sookie Stackhouse, Book 9)",Amazon.com,1,$14.27
VHS,Dead Can Dance - Toward the Within,Third Party,1,$0.01
Books,"Definitive Guide to Excel VBA, Second Edition",Third Party,1,$16.50
Books,DeMark Indicators (Bloomberg Market Essentials: Technical Analysis),Amazon.com,1,$19.77
Books,Desert Solitaire,Amazon.com,1,$10.17
Electronics,Diamond VC500 One Touch Video Capture Device,Amazon.com,1,$35.24
Books,Dictionary of Banking Terms (Barron's Business Guides),Amazon.com,1,$10.19
Books,Dictionary of Finance and Investment Terms (Barron's Financial Guides),Amazon.com,1,$8.92
MP3 Downloads,Divided By Night,Amazon.com,1,$2.99
Electronics,D-Link DGS-2205 5-port 10/100/1000 Desktop Switch,Amazon.com,1,$34.99
Electronics,Dock Connector to USB 2.0 Cable for iPod and iPhone (White),Third Party,1,$2.88
DVD,"Down from the Mountain (The ""O Brother, Where Art Thou?"" Concert)",Amazon.com,1,$12.99
MP3 Downloads,Down To Memphis,Amazon.com,1,$0.99
DVD,Dr. Horrible's Sing-Along Blog,Amazon.com,1,$10.49
Electronics,DR360 - Compatible Brother DR-360 Laser Drum Unit by LD Products,Third Party,1,$32.99
Books,"Drawn to Life: 20 Golden Years of Disney Master Classes, Volume 1: The Walt Stanchfield Lectures",Amazon.com,1,$19.77
Books,"Drawn to Life: 20 Golden Years of Disney Master Classes, Volume 2: The Walt Stanchfield Lectures",Amazon.com,1,$19.77
Music,Dreams,Third Party,1,$15.39
Magazine Subscriptions,Dwell,Third Party,1,$19.95
Electronics,"Earbuds Travel Case for JLab JBuds, Black",Amazon.com,1,$9.95
Electronics,"Earbuds Travel Case for JLab JBuds, Black",Amazon.com,-1,-$9.95
Books,"Earth from Above, Third Edition",Amazon.com,3,$103.95
DVD,Emily Remler: Advanced Jazz & Latin Improvisation,Amazon.com,1,$22.49
DVD,Emily Remler: Bebop and Swing Guitar,Amazon.com,1,$22.49
Books,Emotional Freedom: Liberate Yourself from Negative Emotions and Transform Your Life,Amazon.com,1,$15.89
Books,Envisioning Information,Amazon.com,1,$34.56
Electronics,Epson Perfection V30 Color Scanner,Amazon.com,1,$72.49
Electronics,Epson Perfection V300 Photo Color Scanner (Black),Amazon.com,1,$95.89
Electronics,Epson Perfection V300 Photo Color Scanner (Black),Amazon.com,1,$93.24
Electronics,Epson Perfection V300 Photo Color Scanner (Black),Amazon.com,1,$89.99
MP3 Downloads,Equinox,Amazon.com,1,$8.90
Books,"Essential SharePoint 2007: A Practical Guide for Users, Administrators and Developers",Amazon.com,1,$26.39
Kindle eBooks,Everything Brain Strain Book,Amazon.com,1,$7.96
MP3 Downloads,Everything Is Beautiful,Amazon.com,1,$0.99
Books,Excel 2000 Formulas,Amazon.com,1,$31.64
Books,Excel 2000 Formulas,Third Party,1,$9.74
Books,Excel 2000 Programming for Dummies,Third Party,1,$0.18
Books,Excel 2000 VBA: Programmers Reference (Programmer's Reference),Amazon.com,1,$36.26
Books,Excel 2000 VBA: Programmers Reference (Programmer's Reference),Third Party,1,$9.99
Books,Excel 2002 Bible,Third Party,1,$3.40
Books,Excel 2002 for Dummies: Quick Reference (--for Dummies),Third Party,1,$2.78
Books,Excel 2002 Power Programming with VBA,Amazon.com,1,$35.25
Books,Excel 2002 Power Programming with VBA,Amazon.com,1,$32.99
Books,Excel 2002 Power Programming with VBA,Third Party,1,$10.95
Books,Excel 2002 Power Programming with VBA,Third Party,1,$7.63
Books,Excel 2002 Power Programming with VBA,Third Party,1,$4.96
Books,Excel 2002 VBA: Programmers Reference,Amazon.com,1,$26.39
Books,Excel 2003 Bible,Amazon.com,2,$52.78
Books,Excel 2003 Bible,Amazon.com,1,$26.39
Books,Excel 2003 Bible,Amazon.com,1,$26.39
Books,Excel 2003 Bible,Amazon.com,1,$26.39
Books,Excel 2003 Bible,Amazon.com,1,$26.39
Books,Excel 2003 Bible,Amazon.com,1,$26.39
Books,Excel 2003 Bible,Amazon.com,1,$26.39
Books,Excel 2003 Bible,Amazon.com,1,$26.39
Books,Excel 2003 Bible,Amazon.com,1,$26.39
Books,Excel 2003 Bible,Amazon.com,1,$26.39
Books,Excel 2003 Bible,Amazon.com,1,$26.39
Books,Excel 2003 Bible,Amazon.com,1,$26.39
Books,Excel 2003 Bible,Amazon.com,1,$26.39
Books,Excel 2003 Bible,Amazon.com,1,$26.39
Books,Excel 2003 Bible,Amazon.com,1,$26.39
Books,Excel 2003 Bible,Amazon.com,1,$26.39
Books,Excel 2003 Bible,Amazon.com,1,$26.39
Books,Excel 2003 Bible,Amazon.com,1,$26.39
Books,Excel 2003 Bible,Amazon.com,1,$26.39
Books,Excel 2003 Bible,Third Party,1,$25.19
Books,Excel 2003 Bible,Amazon.com,1,$25.19
Books,Excel 2003 Bible,Third Party,1,$25.19
Books,Excel 2003 Bible,Amazon.com,1,$25.19
Books,Excel 2003 Bible,Amazon.com,1,$25.19
Books,Excel 2003 Bible,Amazon.com,1,$25.19
Books,Excel 2003 Bible,Amazon.com,1,$25.19
Books,Excel 2003 Bible,Amazon.com,1,$25.19
Books,Excel 2003 Bible,Amazon.com,1,$25.19
Books,Excel 2003 Bible,Amazon.com,1,$25.19
Books,Excel 2003 Bible,Amazon.com,1,$25.19
Books,Excel 2003 Bible,Amazon.com,1,$25.19
Books,Excel 2003 Bible,Third Party,1,$21.92
Books,Excel 2003 Bible,Third Party,1,$21.69
Books,Excel 2003 Bible,Third Party,1,$21.49
Books,Excel 2003 Bible,Third Party,1,$21.49
Books,Excel 2003 Bible,Third Party,1,$19.99
Books,Excel 2003 Bible,Third Party,1,$18.91
Books,Excel 2003 Bible,Third Party,1,$17.97
Books,Excel 2003 Bible,Third Party,1,$16.23
Books,Excel 2003 Bible,Third Party,1,$16.15
Books,Excel 2003 Bible,Third Party,1,$14.98
Books,Excel 2003 for Dummies,Amazon.com,1,$14.95
Books,Excel 2003 for Dummies Quick Reference,Amazon.com,1,$14.99
Books,Excel 2003 for Dummies Quick Reference,Amazon.com,1,$14.99
Books,Excel 2003 for Dummies Quick Reference,Amazon.com,1,$10.19
Books,Excel 2003 Formulas,Amazon.com,2,$59.38
Books,Excel 2003 Formulas,Amazon.com,1,$34.19
Books,Excel 2003 Formulas,Amazon.com,1,$29.69
Books,Excel 2003 Formulas,Amazon.com,1,$29.69
Books,Excel 2003 Formulas,Amazon.com,1,$29.69
Books,Excel 2003 Formulas,Amazon.com,1,$29.69
Books,Excel 2003 Formulas,Amazon.com,1,$29.69
Books,Excel 2003 Formulas,Third Party,1,$29.69
Books,Excel 2003 Formulas,Amazon.com,1,$29.69
Books,Excel 2003 Formulas,Amazon.com,1,$29.69
Books,Excel 2003 Formulas,Amazon.com,1,$27.10
Books,Excel 2003 Formulas,Third Party,1,$26.10
Books,Excel 2003 Formulas,Amazon.com,1,$21.14
Books,Excel 2003 Formulas,Third Party,1,$20.52
Books,Excel 2003 Formulas,Third Party,1,$19.71
Books,Excel 2003 Formulas,Third Party,1,$12.54
Books,Excel 2003 Formulas,Third Party,1,$10.95
Books,Excel 2003 Formulas,Third Party,1,$10.95
Books,Excel 2003 Formulas,Third Party,1,$10.84
Books,Excel 2003 Formulas,Third Party,1,$10.78
Books,Excel 2003 Formulas,Third Party,1,$9.95
Books,Excel 2003 Formulas,Third Party,1,$9.72
Books,Excel 2003 Formulas,Third Party,1,$7.22
Books,Excel 2003 Formulas,Third Party,1,$7.02
Books,Excel 2003 Formulas,Third Party,1,$6.58
Books,Excel 2003 Formulas,Third Party,1,$6.49
Books,Excel 2003 Formulas,Third Party,1,$4.98
Books,Excel 2003 Formulas,Third Party,1,$4.95
Books,Excel 2003 Formulas,Third Party,1,$4.41
Books,Excel 2003 Formulas,Third Party,1,$0.88
Books,Excel 2003 Power Programming with VBA,Amazon.com,1,$31.49
Books,Excel 2003 Power Programming with VBA,Amazon.com,1,$31.49
Books,Excel 2003 Power Programming with VBA,Amazon.com,1,$31.49
Books,Excel 2003 Power Programming with VBA,Amazon.com,1,$31.49
Books,Excel 2003 Power Programming with VBA,Amazon.com,1,$31.49
Books,Excel 2003 Power Programming with VBA,Amazon.com,1,$29.99
Books,Excel 2003 Power Programming with VBA,Amazon.com,1,$29.99
Books,Excel 2003 Power Programming with VBA,Amazon.com,1,$29.99
Books,Excel 2003 Power Programming with VBA,Amazon.com,1,$29.99
Books,Excel 2003 Power Programming with VBA,Amazon.com,1,$29.99
Books,Excel 2003 Power Programming with VBA,Amazon.com,1,$29.99
Books,Excel 2003 Power Programming with VBA,Amazon.com,1,$29.99
Books,Excel 2003 Power Programming with VBA,Amazon.com,1,$29.99
Books,Excel 2003 Power Programming with VBA,Amazon.com,1,$29.99
Books,Excel 2003 Power Programming with VBA,Amazon.com,1,$29.99
Books,Excel 2003 Power Programming with VBA,Third Party,1,$29.99
Books,Excel 2003 Power Programming with VBA,Third Party,1,$29.99
Books,Excel 2003 Power Programming with VBA,Amazon.com,1,$29.99
Books,Excel 2003 Power Programming with VBA,Amazon.com,1,$29.99
Books,Excel 2003 Power Programming with VBA,Amazon.com,1,$29.99
Books,Excel 2003 Power Programming with VBA,Amazon.com,1,$29.99
Books,Excel 2003 Power Programming with VBA,Third Party,1,$29.99
Books,Excel 2003 Power Programming with VBA,Amazon.com,1,$29.99
Books,Excel 2003 Power Programming with VBA,Amazon.com,1,$29.99
Books,Excel 2003 Power Programming with VBA,Amazon.com,1,$29.99
Books,Excel 2003 Power Programming with VBA,Amazon.com,1,$29.99
Books,Excel 2003 Power Programming with VBA,Amazon.com,1,$29.99
Books,Excel 2003 Power Programming with VBA,Amazon.com,1,$29.99
Books,Excel 2003 Power Programming with VBA,Amazon.com,1,$29.99
Books,Excel 2003 Power Programming with VBA,Amazon.com,1,$29.99
Books,Excel 2003 Power Programming with VBA,Amazon.com,1,$29.99
Books,Excel 2003 Power Programming with VBA,Amazon.com,1,$29.99
Books,Excel 2003 Power Programming with VBA,Amazon.com,1,$29.99
Books,Excel 2003 Power Programming with VBA,Amazon.com,1,$29.99
Books,Excel 2003 Power Programming with VBA,Amazon.com,1,$29.99
Books,Excel 2003 Power Programming with VBA,Third Party,1,$26.39
Books,Excel 2003 Power Programming with VBA,Third Party,1,$25.91
Books,Excel 2003 Power Programming with VBA,Third Party,1,$23.99
Books,Excel 2003 Power Programming with VBA,Third Party,1,$22.33
Books,Excel 2003 Power Programming with VBA,Third Party,1,$22.06
Books,Excel 2003 Power Programming with VBA,Third Party,1,$19.95
Books,Excel 2003 Power Programming with VBA,Third Party,1,$19.77
Books,Excel 2003 Power Programming with VBA,Third Party,1,$19.77
Books,Excel 2003 Power Programming with VBA,Third Party,1,$19.65
Books,Excel 2003 Power Programming with VBA,Third Party,1,$19.42
Books,Excel 2003 Power Programming with VBA,Third Party,1,$18.00
Books,Excel 2003 Power Programming with VBA,Third Party,1,$18.00
Books,Excel 2003 Power Programming with VBA,Third Party,1,$18.00
Books,Excel 2003 Power Programming with VBA,Third Party,1,$14.99
Books,Excel 2003 Power Programming with VBA,Third Party,1,$14.99
Books,Excel 2003 Power Programming with VBA,Third Party,1,$9.81
Books,Excel 2003 Top 100 Simplified Tips & Tricks,Third Party,1,$7.97
Books,Excel 2003 VBA Programming with XML and ASP,Amazon.com,1,$24.39
Books,Excel 2007 Advanced Report Development,Amazon.com,1,$26.39
Books,Excel 2007 All-In-One Desk Reference For Dummies,Amazon.com,1,$18.89
Books,Excel 2007 All-In-One Desk Reference For Dummies,Amazon.com,1,$18.89
Books,Excel 2007 All-In-One Desk Reference For Dummies,Amazon.com,1,$18.89
Books,Excel 2007 Bible,Amazon.com,3,$79.17
Books,Excel 2007 Bible,Amazon.com,2,$52.78
Books,Excel 2007 Bible,Amazon.com,2,$52.78
Books,Excel 2007 Bible,Amazon.com,2,$50.38
Books,Excel 2007 Bible,Third Party,1,$26.39
Books,Excel 2007 Bible,Amazon.com,1,$26.39
Books,Excel 2007 Bible,Amazon.com,1,$26.39
Books,Excel 2007 Bible,Amazon.com,1,$26.39
Books,Excel 2007 Bible,Amazon.com,1,$26.39
Books,Excel 2007 Bible,Amazon.com,1,$26.39
Books,Excel 2007 Bible,Amazon.com,1,$26.39
Books,Excel 2007 Bible,Amazon.com,1,$26.39
Books,Excel 2007 Bible,Amazon.com,1,$26.39
Books,Excel 2007 Bible,Amazon.com,1,$26.39
Books,Excel 2007 Bible,Amazon.com,1,$26.39
Books,Excel 2007 Bible,Amazon.com,1,$26.39
Books,Excel 2007 Bible,Amazon.com,1,$26.39
Books,Excel 2007 Bible,Amazon.com,1,$26.39
Books,Excel 2007 Bible,Amazon.com,1,$26.39
Books,Excel 2007 Bible,Amazon.com,1,$26.39
Books,Excel 2007 Bible,Amazon.com,1,$26.39
Books,Excel 2007 Bible,Amazon.com,1,$26.39
Books,Excel 2007 Bible,Amazon.com,1,$26.39
Books,Excel 2007 Bible,Amazon.com,1,$26.39
Books,Excel 2007 Bible,Amazon.com,1,$26.39
Books,Excel 2007 Bible,Amazon.com,1,$26.39
Books,Excel 2007 Bible,Amazon.com,1,$26.39
Books,Excel 2007 Bible,Amazon.com,1,$26.39
Books,Excel 2007 Bible,Amazon.com,1,$26.39
Books,Excel 2007 Bible,Amazon.com,1,$26.39
Books,Excel 2007 Bible,Amazon.com,1,$26.39
Books,Excel 2007 Bible,Amazon.com,1,$26.39
Books,Excel 2007 Bible,Amazon.com,1,$26.39
Books,Excel 2007 Bible,Amazon.com,1,$26.39
Books,Excel 2007 Bible,Amazon.com,1,$26.39
Books,Excel 2007 Bible,Amazon.com,1,$25.19
Books,Excel 2007 Bible,Amazon.com,1,$25.19
Books,Excel 2007 Bible,Amazon.com,1,$25.19
Books,Excel 2007 Bible,Amazon.com,1,$25.19
Books,Excel 2007 Bible,Amazon.com,1,$25.19
Books,Excel 2007 Bible,Amazon.com,1,$25.19
Books,Excel 2007 Bible,Amazon.com,1,$25.19
Books,Excel 2007 Bible,Amazon.com,1,$25.19
Books,Excel 2007 Bible,Amazon.com,1,$25.19
Books,Excel 2007 Bible,Amazon.com,1,$25.19
Books,Excel 2007 Bible,Amazon.com,1,$25.19
Books,Excel 2007 Bible,Amazon.com,1,$25.19
Books,Excel 2007 Bible,Amazon.com,1,$25.19
Books,Excel 2007 Bible,Amazon.com,1,$25.19
Books,Excel 2007 Bible,Amazon.com,1,$25.19
Books,Excel 2007 Bible,Amazon.com,1,$25.19
Books,Excel 2007 Bible,Amazon.com,1,$25.19
Books,Excel 2007 Bible,Amazon.com,1,$25.19
Books,Excel 2007 Bible,Amazon.com,1,$25.19
Books,Excel 2007 Bible,Amazon.com,1,$25.19
Books,Excel 2007 Bible,Amazon.com,1,$25.19
Books,Excel 2007 Bible,Amazon.com,1,$25.19
Books,Excel 2007 Bible,Amazon.com,1,$25.19
Books,Excel 2007 Bible,Amazon.com,1,$25.19
Books,Excel 2007 Bible,Amazon.com,1,$25.19
Books,Excel 2007 Bible,Third Party,1,$20.99
Books,Excel 2007 Bible,Amazon.com,-1,-$25.19
Books,Excel 2007 Bible,Amazon.com,-1,-$26.39
Books,Excel 2007 Charts,Amazon.com,2,$59.38
Books,Excel 2007 Charts,Third Party,2,$59.38
Books,Excel 2007 Charts,Third Party,1,$34.19
Books,Excel 2007 Charts,Amazon.com,1,$34.19
Books,Excel 2007 Charts,Amazon.com,1,$32.84
Books,Excel 2007 Charts,Amazon.com,1,$29.69
Books,Excel 2007 Charts,Amazon.com,1,$29.69
Books,Excel 2007 Charts,Amazon.com,1,$29.69
Books,Excel 2007 Charts,Amazon.com,1,$29.69
Books,Excel 2007 Charts,Amazon.com,1,$29.69
Books,Excel 2007 Charts,Amazon.com,1,$29.69
Books,Excel 2007 Charts,Amazon.com,1,$29.69
Books,Excel 2007 Charts,Amazon.com,1,$29.69
Books,Excel 2007 Charts,Amazon.com,1,$29.69
Books,Excel 2007 Charts,Amazon.com,1,$29.69
Books,Excel 2007 Charts,Amazon.com,1,$29.69
Books,Excel 2007 Charts,Amazon.com,1,$29.69
Books,Excel 2007 Charts,Amazon.com,1,$29.69
Books,Excel 2007 Charts,Amazon.com,1,$29.69
Books,Excel 2007 Charts,Amazon.com,1,$29.69
Books,Excel 2007 Charts,Amazon.com,1,$29.69
Books,Excel 2007 Charts,Amazon.com,1,$29.69
Books,Excel 2007 Charts,Amazon.com,1,$29.69
Books,Excel 2007 Charts,Amazon.com,1,$29.69
Books,Excel 2007 Charts,Amazon.com,1,$29.69
Books,Excel 2007 Charts,Amazon.com,1,$29.69
Books,Excel 2007 Charts,Amazon.com,1,$29.69
Books,Excel 2007 Charts,Amazon.com,1,$29.69
Books,Excel 2007 Charts,Amazon.com,1,$29.69
Books,Excel 2007 Charts,Amazon.com,1,$29.69
Books,Excel 2007 Charts,Third Party,1,$29.69
Books,Excel 2007 Charts,Amazon.com,1,$29.69
Books,Excel 2007 Charts,Amazon.com,1,$29.69
Books,Excel 2007 Charts,Amazon.com,1,$29.69
Books,Excel 2007 Charts,Amazon.com,1,$29.69
Books,Excel 2007 Charts,Third Party,1,$24.06
Books,Excel 2007 Charts,Third Party,1,$23.68
Books,Excel 2007 Charts,Third Party,1,$22.72
Books,Excel 2007 Charts,Third Party,1,$19.24
Books,Excel 2007 Charts,Third Party,1,$14.11
Books,Excel 2007 Charts,Amazon.com,-1,-$29.69
Books,Excel 2007 For Dummies,Amazon.com,1,$14.29
Books,Excel 2007 For Dummies,Amazon.com,1,$13.29
Books,Excel 2007 For Dummies,Amazon.com,1,$13.29
Books,Excel 2007 For Dummies Quick Reference,Amazon.com,1,$16.65
Books,Excel 2007 For Dummies Quick Reference,Amazon.com,1,$11.55
Books,Excel 2007 For Dummies Quick Reference,Amazon.com,1,$11.55
Books,Excel 2007 For Dummies Quick Reference,Third Party,1,$4.84
Books,Excel 2007 For Dummies Quick Reference,Third Party,1,$3.00
Books,Excel 2007 Formulas,Amazon.com,2,$59.38
Books,Excel 2007 Formulas,Amazon.com,2,$45.48
Books,Excel 2007 Formulas,Amazon.com,2,$45.48
Books,Excel 2007 Formulas,Amazon.com,1,$29.69
Books,Excel 2007 Formulas,Amazon.com,1,$29.69
Books,Excel 2007 Formulas,Amazon.com,1,$29.69
Books,Excel 2007 Formulas,Amazon.com,1,$29.69
Books,Excel 2007 Formulas,Third Party,1,$29.69
Books,Excel 2007 Formulas,Amazon.com,1,$29.69
Books,Excel 2007 Formulas,Amazon.com,1,$28.34
Books,Excel 2007 Formulas,Amazon.com,1,$28.34
Books,Excel 2007 Formulas,Amazon.com,1,$28.34
Books,Excel 2007 Formulas,Amazon.com,1,$28.34
Books,Excel 2007 Formulas,Amazon.com,1,$28.34
Books,Excel 2007 Formulas,Amazon.com,1,$28.34
Books,Excel 2007 Formulas,Amazon.com,1,$28.34
Books,Excel 2007 Formulas,Amazon.com,1,$28.34
Books,Excel 2007 Formulas,Amazon.com,1,$28.34
Books,Excel 2007 Formulas,Amazon.com,1,$28.34
Books,Excel 2007 Formulas,Amazon.com,1,$28.34
Books,Excel 2007 Formulas,Amazon.com,1,$28.34
Books,Excel 2007 Formulas,Amazon.com,1,$28.34
Books,Excel 2007 Formulas,Amazon.com,1,$28.34
Books,Excel 2007 Formulas,Amazon.com,1,$28.34
Books,Excel 2007 Formulas,Amazon.com,1,$28.34
Books,Excel 2007 Formulas,Amazon.com,1,$28.34
Books,Excel 2007 Formulas,Third Party,1,$27.47
Books,Excel 2007 Formulas,Amazon.com,1,$23.05
Books,Excel 2007 Formulas,Amazon.com,1,$22.74
Books,Excel 2007 Formulas,Amazon.com,1,$22.74
Books,Excel 2007 Formulas,Amazon.com,1,$22.74
Books,Excel 2007 Formulas,Amazon.com,1,$22.63
Books,Excel 2007 Formulas,Amazon.com,1,$22.63
Books,Excel 2007 Formulas,Amazon.com,1,$22.63
Books,Excel 2007 Formulas,Amazon.com,1,$22.63
Books,Excel 2007 Formulas,Amazon.com,1,$22.61
Books,Excel 2007 Formulas,Amazon.com,1,$22.61
Books,Excel 2007 Formulas,Amazon.com,1,$20.34
Books,Excel 2007 Formulas,Amazon.com,1,$20.34
Books,Excel 2007 Formulas,Third Party,1,$20.25
Books,Excel 2007 Formulas,Third Party,1,$18.41
Kindle eBooks,Excel 2007 Formulas,Amazon.com,1,$18.10
Books,Excel 2007 Formulas,Third Party,1,$17.20
Books,Excel 2007 Formulas,Third Party,1,$16.45
Books,Excel 2007 Formulas,Third Party,1,$15.84
Books,Excel 2007 Formulas,Third Party,1,$14.94
Books,Excel 2007 Formulas,Third Party,1,$14.40
Books,Excel 2007 Formulas,Third Party,1,$13.98
Books,Excel 2007 Formulas,Third Party,1,$13.98
Books,Excel 2007 Formulas,Third Party,1,$13.89
Books,Excel 2007 Formulas,Third Party,1,$12.95
Books,Excel 2007 Formulas,Third Party,1,$11.99
Books,Excel 2007 Formulas,Third Party,1,$9.05
Books,Excel 2007 Formulas,Third Party,1,$8.59
Books,Excel 2007 Formulas,Amazon.com,-1,-$22.74
Books,Excel 2007 Miracles Made Easy: Mr. Excel Reveals 25 Amazing Things You Can Do with the New Excel,Amazon.com,1,$22.45
Books,Excel 2007 PivotTables and PivotCharts,Third Party,2,$46.18
Books,Excel 2007 PivotTables and PivotCharts,Amazon.com,1,$23.09
Books,Excel 2007 PivotTables and PivotCharts,Amazon.com,1,$23.09
Books,Excel 2007 PivotTables and PivotCharts,Amazon.com,1,$23.09
Books,Excel 2007 PivotTables and PivotCharts,Amazon.com,1,$23.09
Books,Excel 2007 PivotTables and PivotCharts,Amazon.com,1,$23.09
Books,Excel 2007 PivotTables and PivotCharts,Amazon.com,1,$23.09
Books,Excel 2007 PivotTables and PivotCharts,Amazon.com,1,$23.09
Books,Excel 2007 PivotTables and PivotCharts,Amazon.com,1,$23.09
Books,Excel 2007 PivotTables and PivotCharts,Amazon.com,1,$23.09
Books,Excel 2007 PivotTables and PivotCharts,Amazon.com,1,$23.09
Books,Excel 2007 PivotTables and PivotCharts,Amazon.com,1,$23.09
Books,Excel 2007 PivotTables and PivotCharts,Amazon.com,1,$23.09
Books,Excel 2007 PivotTables and PivotCharts,Amazon.com,1,$23.09
Books,Excel 2007 PivotTables and PivotCharts,Amazon.com,1,$23.09
Books,Excel 2007 PivotTables and PivotCharts,Amazon.com,1,$23.09
Books,Excel 2007 PivotTables and PivotCharts,Amazon.com,1,$23.09
Books,Excel 2007 PivotTables and PivotCharts,Amazon.com,1,$23.09
Books,Excel 2007 PivotTables and PivotCharts,Amazon.com,1,$23.09
Books,Excel 2007 PivotTables and PivotCharts,Amazon.com,1,$23.09
Books,Excel 2007 PivotTables and PivotCharts,Third Party,1,$18.85
Books,Excel 2007 PivotTables and PivotCharts,Third Party,1,$17.08
Books,Excel 2007 PivotTables and PivotCharts,Third Party,1,$12.09
Books,Excel 2007 Power Programming with VBA,Amazon.com,3,$94.47
Books,Excel 2007 Power Programming with VBA,Amazon.com,2,$62.98
Books,Excel 2007 Power Programming with VBA,Amazon.com,2,$62.98
Books,Excel 2007 Power Programming with VBA,Amazon.com,2,$62.98
Books,Excel 2007 Power Programming with VBA,Amazon.com,2,$59.98
Books,Excel 2007 Power Programming with VBA,Amazon.com,2,$59.98
Books,Excel 2007 Power Programming with VBA,Amazon.com,2,$50.76
Books,Excel 2007 Power Programming with VBA,Amazon.com,2,$50.54
Books,Excel 2007 Power Programming with VBA,Amazon.com,2,$50.54
Books,Excel 2007 Power Programming with VBA,Amazon.com,1,$36.49
Books,Excel 2007 Power Programming with VBA,Amazon.com,1,$36.49
Books,Excel 2007 Power Programming with VBA,Amazon.com,1,$36.49
Books,Excel 2007 Power Programming with VBA,Amazon.com,1,$31.49
Books,Excel 2007 Power Programming with VBA,Amazon.com,1,$31.49
Books,Excel 2007 Power Programming with VBA,Amazon.com,1,$31.49
Books,Excel 2007 Power Programming with VBA,Amazon.com,1,$31.49
Books,Excel 2007 Power Programming with VBA,Amazon.com,1,$31.49
Books,Excel 2007 Power Programming with VBA,Amazon.com,1,$31.49
Books,Excel 2007 Power Programming with VBA,Amazon.com,1,$31.49
Books,Excel 2007 Power Programming with VBA,Amazon.com,1,$31.49
Books,Excel 2007 Power Programming with VBA,Amazon.com,1,$31.49
Books,Excel 2007 Power Programming with VBA,Amazon.com,1,$31.49
Books,Excel 2007 Power Programming with VBA,Amazon.com,1,$31.49
Books,Excel 2007 Power Programming with VBA,Amazon.com,1,$31.49
Books,Excel 2007 Power Programming with VBA,Amazon.com,1,$31.49
Books,Excel 2007 Power Programming with VBA,Amazon.com,1,$31.49
Books,Excel 2007 Power Programming with VBA,Amazon.com,1,$31.49
Books,Excel 2007 Power Programming with VBA,Amazon.com,1,$31.49
Books,Excel 2007 Power Programming with VBA,Amazon.com,1,$31.49
Books,Excel 2007 Power Programming with VBA,Amazon.com,1,$31.49
Books,Excel 2007 Power Programming with VBA,Amazon.com,1,$31.49
Books,Excel 2007 Power Programming with VBA,Amazon.com,1,$31.49
Books,Excel 2007 Power Programming with VBA,Amazon.com,1,$31.49
Books,Excel 2007 Power Programming with VBA,Amazon.com,1,$31.49
Books,Excel 2007 Power Programming with VBA,Amazon.com,1,$31.49
Books,Excel 2007 Power Programming with VBA,Amazon.com,1,$29.99
Books,Excel 2007 Power Programming with VBA,Third Party,1,$29.99
Books,Excel 2007 Power Programming with VBA,Amazon.com,1,$29.99
Books,Excel 2007 Power Programming with VBA,Amazon.com,1,$29.99
Books,Excel 2007 Power Programming with VBA,Amazon.com,1,$29.99
Books,Excel 2007 Power Programming with VBA,Amazon.com,1,$29.99
Books,Excel 2007 Power Programming with VBA,Amazon.com,1,$29.99
Books,Excel 2007 Power Programming with VBA,Amazon.com,1,$29.99
Books,Excel 2007 Power Programming with VBA,Amazon.com,1,$29.99
Books,Excel 2007 Power Programming with VBA,Amazon.com,1,$29.99
Books,Excel 2007 Power Programming with VBA,Amazon.com,1,$29.99
Books,Excel 2007 Power Programming with VBA,Amazon.com,1,$29.99
Books,Excel 2007 Power Programming with VBA,Amazon.com,1,$29.99
Books,Excel 2007 Power Programming with VBA,Amazon.com,1,$29.99
Books,Excel 2007 Power Programming with VBA,Amazon.com,1,$29.99
Books,Excel 2007 Power Programming with VBA,Amazon.com,1,$29.99
Books,Excel 2007 Power Programming with VBA,Amazon.com,1,$29.99
Books,Excel 2007 Power Programming with VBA,Amazon.com,1,$29.99
Books,Excel 2007 Power Programming with VBA,Amazon.com,1,$29.99
Books,Excel 2007 Power Programming with VBA,Amazon.com,1,$29.99
Books,Excel 2007 Power Programming with VBA,Amazon.com,1,$29.99
Books,Excel 2007 Power Programming with VBA,Amazon.com,1,$29.99
Books,Excel 2007 Power Programming with VBA,Amazon.com,1,$29.99
Books,Excel 2007 Power Programming with VBA,Amazon.com,1,$25.62
Books,Excel 2007 Power Programming with VBA,Amazon.com,1,$25.38
Books,Excel 2007 Power Programming with VBA,Amazon.com,1,$25.38
Books,Excel 2007 Power Programming with VBA,Amazon.com,1,$25.38
Books,Excel 2007 Power Programming with VBA,Amazon.com,1,$25.38
Books,Excel 2007 Power Programming with VBA,Amazon.com,1,$25.38
Books,Excel 2007 Power Programming with VBA,Amazon.com,1,$25.38
Books,Excel 2007 Power Programming with VBA,Amazon.com,1,$25.38
Books,Excel 2007 Power Programming with VBA,Amazon.com,1,$25.38
Books,Excel 2007 Power Programming with VBA,Amazon.com,1,$25.38
Books,Excel 2007 Power Programming with VBA,Amazon.com,1,$25.38
Books,Excel 2007 Power Programming with VBA,Amazon.com,1,$25.38
Books,Excel 2007 Power Programming with VBA,Amazon.com,1,$25.27
Books,Excel 2007 Power Programming with VBA,Amazon.com,1,$25.27
Books,Excel 2007 Power Programming with VBA,Amazon.com,1,$25.27
Books,Excel 2007 Power Programming with VBA,Amazon.com,1,$25.27
Books,Excel 2007 Power Programming with VBA,Amazon.com,1,$25.27
Books,Excel 2007 Power Programming with VBA,Amazon.com,1,$25.27
Books,Excel 2007 Power Programming with VBA,Amazon.com,1,$25.27
Books,Excel 2007 Power Programming with VBA,Amazon.com,1,$25.27
Books,Excel 2007 Power Programming with VBA,Amazon.com,1,$25.27
Books,Excel 2007 Power Programming with VBA,Third Party,1,$25.27
Books,Excel 2007 Power Programming with VBA,Amazon.com,1,$25.27
Books,Excel 2007 Power Programming with VBA,Amazon.com,1,$25.27
Books,Excel 2007 Power Programming with VBA,Amazon.com,1,$25.15
Books,Excel 2007 Power Programming with VBA,Amazon.com,1,$25.14
Books,Excel 2007 Power Programming with VBA,Amazon.com,1,$25.14
Books,Excel 2007 Power Programming with VBA,Third Party,1,$25.00
Books,Excel 2007 Power Programming with VBA,Amazon.com,1,$22.84
Books,Excel 2007 Power Programming with VBA,Amazon.com,1,$22.84
Books,Excel 2007 Power Programming with VBA,Third Party,1,$22.83
Books,Excel 2007 Power Programming with VBA,Third Party,1,$21.72
Books,Excel 2007 Power Programming with VBA,Third Party,1,$21.72
Books,Excel 2007 Power Programming with VBA,Third Party,1,$21.70
Books,Excel 2007 Power Programming with VBA,Third Party,1,$19.30
Books,Excel 2007 Power Programming with VBA,Third Party,1,$19.24
Books,Excel 2007 Power Programming with VBA,Third Party,1,$18.99
Books,Excel 2007 Power Programming with VBA,Third Party,1,$16.25
Books,Excel 2007 Power Programming with VBA,Third Party,1,$16.25
Books,Excel 2007 Power Programming with VBA,Third Party,1,$15.57
Books,Excel 2007 Power Programming with VBA,Third Party,1,$15.22
Books,Excel 2007 Power Programming with VBA,Third Party,1,$15.18
Books,Excel 2007 Power Programming with VBA,Third Party,1,$14.94
Books,Excel 2007 Power Programming with VBA,Third Party,1,$14.90
Books,Excel 2007 Power Programming with VBA,Amazon.com,-1,-$25.27
Books,Excel 2007 VBA Programming For Dummies,Amazon.com,1,$16.49
Books,Excel 2007 VBA Programming For Dummies,Amazon.com,1,$16.49
Books,Excel 2007 VBA Programming For Dummies,Amazon.com,1,$16.49
Books,Excel 2007 VBA Programming For Dummies,Amazon.com,1,$16.49
Books,Excel 2007 VBA Programming For Dummies,Amazon.com,1,$16.49
Books,Excel 2007 VBA Programming For Dummies,Amazon.com,1,$15.49
Books,Excel 2007 VBA Programming For Dummies,Amazon.com,1,$15.49
Books,Excel 2007 VBA Programming For Dummies,Amazon.com,1,$15.49
Books,Excel 2007 VBA Programming For Dummies,Third Party,1,$14.66
Books,Excel 2007 VBA Programming For Dummies,Third Party,1,$13.92
Books,Excel 2007 VBA Programming For Dummies,Third Party,1,$13.88
Books,Excel 2007 VBA Programming For Dummies,Third Party,1,$13.61
Books,Excel 2007 VBA Programming For Dummies,Third Party,1,$13.16
Books,Excel 2007 VBA Programming For Dummies,Third Party,1,$12.96
Books,Excel 2007 VBA Programming For Dummies,Amazon.com,1,$12.81
Books,Excel 2007 VBA Programming For Dummies,Third Party,1,$12.81
Books,Excel 2007 VBA Programming For Dummies,Amazon.com,1,$12.63
Books,Excel 2007 VBA Programming For Dummies,Amazon.com,1,$12.57
Books,Excel 2007 VBA Programming For Dummies,Amazon.com,1,$12.57
Books,Excel 2007 VBA Programming For Dummies,Amazon.com,1,$12.57
Books,Excel 2007 VBA Programming For Dummies,Amazon.com,1,$12.57
Books,Excel 2007 VBA Programming For Dummies,Amazon.com,1,$12.57
Books,Excel 2007 VBA Programming For Dummies,Amazon.com,1,$11.31
Books,Excel 2007 VBA Programming For Dummies,Amazon.com,1,$11.31
Books,Excel 2007: The Missing Manual,Amazon.com,1,$26.39
Books,Excel 2007: The Missing Manual,Amazon.com,1,$26.39
Books,Excel 5 for Windows Power Programming Techniques,Third Party,1,$2.55
Books,Excel 97 Bible,Amazon.com,1,$23.09
Books,Excel 97 Bible,Third Party,1,$6.75
Books,Excel 97 Bible,Third Party,1,$6.64
Books,Excel 97 Programming for Windows for Dummies,Amazon.com,1,$24.99
Books,Excel Advanced Report Development,Amazon.com,1,$26.39
Books,Excel Advanced Report Development,Amazon.com,1,$26.39
Books,Excel Advanced Report Development,Amazon.com,1,$26.39
Books,Excel Advanced Report Development,Amazon.com,1,$26.39
Books,Excel Charts,Amazon.com,1,$29.69
Books,Excel Charts,Amazon.com,1,$29.69
Books,Excel Charts,Amazon.com,1,$29.69
Books,Excel Charts,Amazon.com,1,$29.69
Books,Excel Charts,Amazon.com,1,$27.93
Books,Excel Charts,Third Party,1,$22.62
Books,Excel Charts,Amazon.com,1,$22.62
Books,Excel Charts,Amazon.com,1,$22.62
Books,Excel Charts,Third Party,1,$14.20
Books,Excel Charts,Third Party,1,$13.18
Books,Excel Charts,Third Party,1,$7.64
Books,Excel Charts,Third Party,1,$7.49
Books,Excel Charts,Third Party,1,$5.50
Books,Excel Charts,Third Party,1,$5.25
Books,Excel Charts,Third Party,1,$5.24
Books,Excel Data Analysis for Dummies,Third Party,1,$5.72
Books,"Excel for Accountants: Tips, Tricks & Techniques",Amazon.com,1,$23.07
Books,Excel for Dummies Quick Reference,Third Party,1,$4.00
Books,Excel for Scientists and Engineers: Numerical Methods,Third Party,1,$46.10
Books,Excel Formulas and Functions For Dummies,Amazon.com,1,$16.49
Books,Excel Formulas and Functions For Dummies,Third Party,1,$13.07
Books,Excel Formulas and Functions For Dummies,Third Party,1,$9.58
Books,Excel Gurus Gone Wild: Do the IMPOSSIBLE with Microsoft Excel,Amazon.com,1,$16.47
Books,Excel Hacks: Tips & Tools for Streamlining Your Spreadsheets,Amazon.com,1,$19.79
Books,Excel PivotTables and Charts (Mr Spreadsheet),Amazon.com,1,$23.09
Books,Excel PivotTables and Charts (Mr Spreadsheet),Amazon.com,1,$23.09
Books,Excel VBA Programming For Dummies,Amazon.com,2,$31.48
Books,Excel VBA Programming For Dummies,Amazon.com,1,$16.49
Books,Excel VBA Programming For Dummies,Amazon.com,1,$16.49
Books,Excel VBA Programming For Dummies,Amazon.com,1,$16.49
Books,Excel VBA Programming For Dummies,Amazon.com,1,$15.74
Books,Excel VBA Programming For Dummies,Amazon.com,1,$15.74
Books,Excel VBA Programming For Dummies,Amazon.com,1,$15.74
Books,Excel VBA Programming For Dummies,Amazon.com,1,$15.74
Books,Excel VBA Programming For Dummies,Amazon.com,1,$15.74
Books,Excel VBA Programming For Dummies,Amazon.com,1,$15.74
Books,Excel VBA Programming For Dummies,Amazon.com,1,$15.74
Books,Excel VBA Programming For Dummies,Amazon.com,1,$15.74
Books,Excel VBA Programming For Dummies,Third Party,1,$15.74
Books,Excel VBA Programming For Dummies,Amazon.com,1,$15.74
Books,Excel VBA Programming For Dummies,Amazon.com,1,$15.74
Books,Excel VBA Programming For Dummies,Amazon.com,1,$15.74
Books,Excel VBA Programming For Dummies,Amazon.com,1,$15.74
Books,Excel VBA Programming For Dummies,Amazon.com,1,$15.74
Books,Excel VBA Programming For Dummies,Amazon.com,1,$15.74
Books,Excel VBA Programming For Dummies,Amazon.com,1,$15.74
Kindle eBooks,Excel VBA Programming For Dummies,Amazon.com,1,$14.17
Books,Excel VBA Programming For Dummies,Third Party,1,$13.88
Books,Excel VBA Programming For Dummies,Third Party,1,$13.50
Books,Excel VBA Programming For Dummies,Third Party,1,$13.48
Books,Excel VBA Programming For Dummies,Third Party,1,$10.00
Other,Excel VBA Programming For Dummies,Amazon.com,1,$4.99
Books,Excel 2003 Formulas,Amazon.com,1,$12.00
Books,Excel 2003 Formulas,Amazon.com,1,$12.00
Books,Excel 2003 Formulas,Amazon.com,1,$12.00
Books,Excel 2003 Formulas,Amazon.com,1,$12.00
Books,Excel 2003 Formulas,Third Party,1,$11.14
Kindle eBooks,Excel<sup>&#174;</sup> 2007 Bible,Amazon.com,1,$23.75
Video Games,Fable II,Third Party,1,$27.00
Kitchen & Housewares,Farberware Restaurant Pro 12-Inch Open Skillet,Amazon.com,1,$34.55
MP3 Downloads,Festa,Amazon.com,1,$0.99
Music,Fiesta de Tambores / Manos de Seda,Third Party,1,$19.98
Books,Financial Modeling Using Excel and VBA (Wiley Finance),Amazon.com,1,$59.85
Books,Financial Modelling in Practice: A Concise Guide for Intermediate and Advanced Level with CD ROM (The Wiley Finance Series),Amazon.com,1,$75.60
DVD,Fireproof,Amazon.com,1,$15.49
Music,Fly by Night,Amazon.com,1,$7.97
MP3 Downloads,Fonda-Lina,Amazon.com,1,$0.99
Health & Personal Care Appliances,Foot Baths - Heated foot bath,Third Party,1,$99.95
MP3 Downloads,Former Me,Amazon.com,1,$0.99
Books,Formulas and Functions with Microsoft Office Excel 2007 (Business Solutions),Amazon.com,1,$26.39
MP3 Downloads,Frontier Psychiatrist,Amazon.com,1,$0.99
Books,Fundamentals of Corporate Finance Alternate Value 8th Edition,Amazon.com,1,$139.52
Video Games,Galactic Civilizations II: Game of the Year,Amazon.com,1,$9.98
Electronics,Garmin nuvi 260 3.5-Inch Portable GPS Navigator,Amazon.com,1,$147.38
Electronics,"Garmin Portable Friction Dashboard Mount for nÃ¼vi Series and StreetPilot C5XX Series GPS Navigators (C530, C550, and C580)",Amazon.com,1,$29.44
MP3 Downloads,Gasolina,Amazon.com,1,$0.89
Books,"Gates of Prayer: The New Union Prayer Book (Weekends, Sabbaths, and Festivals)",Third Party,1,$14.00
Books,Gateways to Algebra and Geometry,Third Party,1,$2.87
Electronics,GE/SANYO NTG12SETGEN Eneloop NiMH Rechargable Batteries w/ Charger,Third Party,1,$36.99
Tools & Hardware,Gerber 06050 Ultralight LST Folding Knife with Fine Blade,Amazon.com,1,$12.85
Books,Get a Grip on Physics,Third Party,1,$0.01
Video Games,Ghostbusters: The Video Game,Amazon.com,1,$35.99
MP3 Downloads,Ghosts I-IV,Amazon.com,1,$5.00
Books,Gimme My Money Back: Your Guide to Beating the Financial Crisis,Amazon.com,1,$10.36
MP3 Downloads,Glass: Songs From Liquid Days,Third Party,1,$5.99
Health & Personal Care,"Gleem Sodium Fluoride Anticavity Toothpaste, 6.4-Ounce Tubes (Pack of 12)",Amazon.com,1,$24.24
Kindle eBooks,Gone Tomorrow: A Reacher Novel,Amazon.com,1,$9.99
Books,Good Poems,Third Party,1,$3.21
Books,Google SketchUp Cookbook: Practical Recipes and Essential Techniques,Amazon.com,1,$31.49
Apparel & Accessories,got bacon? Women's tee Shirt in 6 Colors Small thru XXL,Third Party,1,$15.99
MP3 Downloads,Gotta Be Free,Amazon.com,1,$0.89
Baby,Graco Backless TurboBooster Car Seat in Chatter,Amazon.com,2,$39.98
Toys & Games,Grand Ol' Gang 500 pc,Third Party,1,$11.75
Books,"Grandpa Had a Long One: Personal Notes on the Life, Career & Legacy of Benny Bell",Amazon.com,2,$39.90
Books,Guide to Financial Reporting and Analysis,Amazon.com,1,$70.02
Apparel & Accessories,Hanro Inkas Chemise Sleepwear (Medium Vanilla),Third Party,1,$130.00
MP3 Downloads,Happy Birthday (as made famous by The Beatles),Amazon.com,1,$0.99
Books,Head First Ajax,Third Party,1,$9.83
MP3 Downloads,Heartaches,Amazon.com,1,$0.99
MP3 Downloads,He'll Have To Go,Amazon.com,1,$0.89
Kitchen & Housewares,Herman Miller Mirra Chair; Fully Loaded; Color: Graphite,Third Party,1,$829.00
Kitchen & Housewares,Herman Miller Mirra Chair; Fully Loaded; Color: Graphite,Third Party,1,$829.00
Music,Heroes Are Hard to Find,Amazon.com,1,$10.99
Books,"High Probability Trading Strategies: Entry to Exit Tactics for the Forex, Futures, and Stock Markets (Wiley Trading)",Amazon.com,1,$44.10
MP3 Downloads,Hips Don't Lie (featuring Wyclef Jean),Third Party,1,$0.99
Books,History: A Very Short Introduction (Very Short Introductions),Amazon.com,1,$9.56
Tools & Hardware,HK1 Hydrokinetic Adjustable Wrench,Third Party,2,$50.00
Tools & Hardware,Honeywell 2074 .35 Cubic Foot Top-Opening Anti-Theft Drawer Safe,Amazon.com,1,$61.98
Books,"How to Make Money in Stocks:  A Winning System in Good Times and Bad, Fourth Edition",Amazon.com,2,$23.06
Books,"How to Measure Anything: Finding the Value of ""Intangibles"" in Business",Amazon.com,1,$28.35
Books,"How to Measure Anything: Finding the Value of ""Intangibles"" in Business",Third Party,1,$24.81
Books,How to Profit From the Coming Rapture: Getting Ahead When You're Left Behind,Amazon.com,1,$11.04
Books,How to Profit From the Coming Rapture: Getting Ahead When You're Left Behind,Amazon.com,1,$10.39
Books,How to Trade in Stocks,Amazon.com,1,$22.76
Electronics,HP 564xl Black Ink Cartridge (CB321WN),Third Party,3,$32.97
Electronics,HP 564xl Cyan Ink Cartridge (CB323WN),Third Party,3,$20.97
Electronics,HP 564xl Magenta Ink Cartridge (CB324WN),Third Party,3,$20.97
Electronics,HP 564xl Yellow Ink Cartridge (CB325WN),Third Party,3,$20.97
Electronics,HP 6 Ft Firewire Cable 6 Pin To 6 Pin,Third Party,1,$4.99
Kindle eBooks,"Human Smoke: The Beginnings of World War II, the End of Civilization",Amazon.com,1,$9.79
MP3 Downloads,I Am A Man Of Constant Sorrow,Amazon.com,1,$0.99
MP3 Downloads,I Am Weary (Let Me Rest),Amazon.com,1,$0.99
MP3 Downloads,"I Can't Help Myself (Sugar Pie, Honey Bunch)",Amazon.com,1,$0.99
Apparel & Accessories,I Love Bacon Custom Wristband,Third Party,1,$3.99
MP3 Downloads,I Told You I Was Freaky,Amazon.com,1,$4.99
MP3 Downloads,If I Only Had A Brain,Third Party,1,$0.99
Books,If... (Questions For The Game of Life),Amazon.com,1,$9.32
Electronics,iLive IS208B Stereo Speaker System with iPod Dock (Black),Amazon.com,1,$29.97
MP3 Downloads,I'm Not Dead (Main Version),Third Party,1,$0.99
Books,Imperial Life in the Emerald City: Inside Iraq's Green Zone (Vintage),Amazon.com,1,$10.17
Music,In Bocca al Lupo,Amazon.com,1,$16.98
Kindle eBooks,Infinite Jest,Amazon.com,1,$9.99
Books,Information Dashboard Design: The Effective Visual Communication of Data,Amazon.com,2,$46.18
Music,Into the Labyrinth,Third Party,1,$0.69
Electronics,INTUOS3 Grip Pen Accessory Kit,Amazon.com,1,$24.40
Books,Investment Banking Explained: An Insider's Guide to the Industry,Amazon.com,1,$32.97
Books,"Investment Banking: Valuation, Leveraged Buyouts, and Mergers and Acquisitions (Wiley Finance)",Amazon.com,1,$50.40
Watches,Invicta Men's Pro Diver Collection Automatic Silver-Tone Watch #2298,Third Party,1,$119.99
Electronics,Iomega Prestige 1 TB USB 2.0 Desktop External Hard Drive 34275,Amazon.com,1,$104.99
Books,iPhone Fully Loaded,Amazon.com,1,$13.59
Books,J.M. Coetzee: South Africa and the Politics of Writing (Perspectives on Southern Africa),Third Party,1,$9.58
Cell Phones & Service,"Jabra BT125 Bluetooth Headset , Black",Third Party,2,$37.26
Electronics,JBuds Hi-Fi Noise-Reducing Ear Buds (Black),Amazon.com,2,$19.98
Electronics,JBuds Hi-Fi Noise-Reducing Ear Buds (Black),Amazon.com,-2,-$19.98
Books,John Walkenbach's Favorite Excel 2007 Tips & Tricks,Amazon.com,3,$79.17
Books,John Walkenbach's Favorite Excel 2007 Tips & Tricks,Amazon.com,2,$52.78
Books,John Walkenbach's Favorite Excel 2007 Tips & Tricks,Amazon.com,2,$52.78
Books,John Walkenbach's Favorite Excel 2007 Tips & Tricks,Amazon.com,1,$26.39
Books,John Walkenbach's Favorite Excel 2007 Tips & Tricks,Amazon.com,1,$26.39
Books,John Walkenbach's Favorite Excel 2007 Tips & Tricks,Third Party,1,$26.39
Books,John Walkenbach's Favorite Excel 2007 Tips & Tricks,Amazon.com,1,$26.39
Books,John Walkenbach's Favorite Excel 2007 Tips & Tricks,Amazon.com,1,$26.39
Books,John Walkenbach's Favorite Excel 2007 Tips & Tricks,Amazon.com,1,$26.39
Books,John Walkenbach's Favorite Excel 2007 Tips & Tricks,Amazon.com,1,$26.39
Books,John Walkenbach's Favorite Excel 2007 Tips & Tricks,Amazon.com,1,$26.39
Books,John Walkenbach's Favorite Excel 2007 Tips & Tricks,Amazon.com,1,$26.39
Books,John Walkenbach's Favorite Excel 2007 Tips & Tricks,Amazon.com,1,$26.39
Books,John Walkenbach's Favorite Excel 2007 Tips & Tricks,Amazon.com,1,$26.39
Books,John Walkenbach's Favorite Excel 2007 Tips & Tricks,Amazon.com,1,$26.39
Books,John Walkenbach's Favorite Excel 2007 Tips & Tricks,Amazon.com,1,$26.39
Books,John Walkenbach's Favorite Excel 2007 Tips & Tricks,Amazon.com,1,$26.39
Books,John Walkenbach's Favorite Excel 2007 Tips & Tricks,Amazon.com,1,$26.39
Books,John Walkenbach's Favorite Excel 2007 Tips & Tricks,Amazon.com,1,$26.39
Books,John Walkenbach's Favorite Excel 2007 Tips & Tricks,Amazon.com,1,$26.39
Books,John Walkenbach's Favorite Excel 2007 Tips & Tricks,Amazon.com,1,$26.39
Books,John Walkenbach's Favorite Excel 2007 Tips & Tricks,Amazon.com,1,$26.39
Books,John Walkenbach's Favorite Excel 2007 Tips & Tricks,Amazon.com,1,$26.39
Books,John Walkenbach's Favorite Excel 2007 Tips & Tricks,Amazon.com,1,$26.39
Books,John Walkenbach's Favorite Excel 2007 Tips & Tricks,Amazon.com,1,$26.39
Books,John Walkenbach's Favorite Excel 2007 Tips & Tricks,Amazon.com,1,$26.39
Books,John Walkenbach's Favorite Excel 2007 Tips & Tricks,Amazon.com,1,$26.39
Books,John Walkenbach's Favorite Excel 2007 Tips & Tricks,Amazon.com,1,$26.39
Books,John Walkenbach's Favorite Excel 2007 Tips & Tricks,Amazon.com,1,$26.39
Books,John Walkenbach's Favorite Excel 2007 Tips & Tricks,Amazon.com,1,$26.39
Books,John Walkenbach's Favorite Excel 2007 Tips & Tricks,Amazon.com,1,$26.39
Books,John Walkenbach's Favorite Excel 2007 Tips & Tricks,Amazon.com,1,$26.39
Books,John Walkenbach's Favorite Excel 2007 Tips & Tricks,Amazon.com,1,$26.39
Books,John Walkenbach's Favorite Excel 2007 Tips & Tricks,Amazon.com,1,$26.39
Books,John Walkenbach's Favorite Excel 2007 Tips & Tricks,Amazon.com,1,$26.39
Books,John Walkenbach's Favorite Excel 2007 Tips & Tricks,Amazon.com,1,$26.39
Books,John Walkenbach's Favorite Excel 2007 Tips & Tricks,Amazon.com,1,$26.39
Books,John Walkenbach's Favorite Excel 2007 Tips & Tricks,Amazon.com,1,$26.39
Books,John Walkenbach's Favorite Excel 2007 Tips & Tricks,Amazon.com,1,$26.39
Books,John Walkenbach's Favorite Excel 2007 Tips & Tricks,Amazon.com,1,$26.39
Books,John Walkenbach's Favorite Excel 2007 Tips & Tricks,Amazon.com,1,$26.39
Books,John Walkenbach's Favorite Excel 2007 Tips & Tricks,Amazon.com,1,$26.39
Books,John Walkenbach's Favorite Excel 2007 Tips & Tricks,Amazon.com,1,$26.39
Books,John Walkenbach's Favorite Excel 2007 Tips & Tricks,Amazon.com,1,$26.39
Books,John Walkenbach's Favorite Excel 2007 Tips & Tricks,Third Party,1,$22.62
Kindle eBooks,John Walkenbach's Favorite Excel 2007 Tips & Tricks,Amazon.com,1,$21.11
Kindle eBooks,John Walkenbach's Favorite Excel 2007 Tips & Tricks,Third Party,1,$21.11
Books,John Walkenbach's Favorite Excel 2007 Tips & Tricks,Third Party,1,$20.32
Books,John Walkenbach's Favorite Excel 2007 Tips & Tricks,Third Party,1,$19.95
Books,John Walkenbach's Favorite Excel 2007 Tips & Tricks,Third Party,1,$18.21
Books,John Walkenbach's Favorite Excel 2007 Tips & Tricks,Third Party,1,$16.59
Books,John Walkenbach's Favorite Excel 2007 Tips & Tricks,Third Party,1,$16.25
Books,John Walkenbach's Favorite Excel 2007 Tips & Tricks,Third Party,1,$13.65
Books,John Walkenbach's Favorite Excel 2007 Tips & Tricks,Third Party,1,$12.94
Books,John Walkenbach's Favorite Excel Tips & Tricks,Amazon.com,2,$52.78
Books,John Walkenbach's Favorite Excel Tips & Tricks,Amazon.com,1,$26.39
Books,John Walkenbach's Favorite Excel Tips & Tricks,Amazon.com,1,$26.39
Books,John Walkenbach's Favorite Excel Tips & Tricks,Amazon.com,1,$26.39
Books,John Walkenbach's Favorite Excel Tips & Tricks,Amazon.com,1,$26.39
Books,John Walkenbach's Favorite Excel Tips & Tricks,Amazon.com,1,$26.39
Books,John Walkenbach's Favorite Excel Tips & Tricks,Amazon.com,1,$26.39
Books,John Walkenbach's Favorite Excel Tips & Tricks,Amazon.com,1,$26.39
Books,John Walkenbach's Favorite Excel Tips & Tricks,Amazon.com,1,$26.39
Books,John Walkenbach's Favorite Excel Tips & Tricks,Third Party,1,$26.39
Books,John Walkenbach's Favorite Excel Tips & Tricks,Amazon.com,1,$26.39
Books,John Walkenbach's Favorite Excel Tips & Tricks,Amazon.com,1,$26.39
Books,John Walkenbach's Favorite Excel Tips & Tricks,Amazon.com,1,$26.39
Books,John Walkenbach's Favorite Excel Tips & Tricks,Amazon.com,1,$26.39
Books,John Walkenbach's Favorite Excel Tips & Tricks,Amazon.com,1,$26.39
Books,John Walkenbach's Favorite Excel Tips & Tricks,Amazon.com,1,$26.39
Books,John Walkenbach's Favorite Excel Tips & Tricks,Amazon.com,1,$26.39
Books,John Walkenbach's Favorite Excel Tips & Tricks,Third Party,1,$17.72
Books,John Walkenbach's Favorite Excel Tips & Tricks,Third Party,1,$16.98
Books,John Walkenbach's Favorite Excel Tips & Tricks,Third Party,1,$14.45
Books,John Walkenbach's Favorite Excel Tips & Tricks,Third Party,1,$14.33
Books,John Walkenbach's Favorite Excel Tips & Tricks,Third Party,1,$13.46
Books,John Walkenbach's Favorite Excel Tips & Tricks,Third Party,1,$12.16
Books,John Walkenbach's Favorite Excel Tips & Tricks,Third Party,1,$11.78
Books,John Walkenbach's Favorite Excel Tips & Tricks,Third Party,1,$11.55
Books,John Walkenbach's Favorite Excel Tips & Tricks,Third Party,1,$11.55
Books,John Walkenbach's Favorite Excel Tips & Tricks,Third Party,1,$11.22
Books,John Walkenbach's Favorite Excel Tips & Tricks,Third Party,1,$9.89
Books,John Walkenbach's Favorite Excel Tips & Tricks,Third Party,1,$9.04
Books,John Walkenbach's Favorite Excel Tips & Tricks,Third Party,1,$7.98
Books,John Walkenbach's Favorite Excel Tips & Tricks,Amazon.com,-1,-$26.39
MP3 Downloads,K-dela,Amazon.com,1,$0.99
Kindle eBooks,"Ken Jennings's Trivia Almanac: 7,777 Questions in 365 Days",Amazon.com,1,$9.99
Electronics,Kensington Easy Riser Cooling Notebook Stand (K60112US),Amazon.com,1,$22.99
Toys & Games,Khet - Eye of Horus Beamsplitter Expansion Pack,Third Party,1,$14.61
Toys & Games,Khet: The Laser Game,Third Party,1,$32.50
Toys & Games,Kidz Gear Headphones For Kids,Third Party,2,$35.98
Kindle eBooks,Kindle 2 For Dummies,Amazon.com,1,$3.99
Kindle Hardware,Kindle 2: Amazon's New Wireless Reading Device (Latest Generation),Amazon.com,1,$359.00
Kindle Hardware,"Kindle: Amazon's 6"" Wireless Reading Device (Latest Generation)",Amazon.com,1,$359.00
Kindle Hardware,"Kindle: Amazon's 6"" Wireless Reading Device (Latest Generation)",Amazon.com,1,$359.00
Kindle Hardware,"Kindle: Amazon's 6"" Wireless Reading Device (Latest Generation)",Amazon.com,1,$299.00
Electronics,Kingston DataTraveler 4 GB USB 2.0 Flash Drive DTI/4GB,Amazon.com,1,$11.49
Electronics,Kingston Technology MBLY/8GB 8GB Mobility Multi Kit (Black),Third Party,2,$39.96
MP3 Downloads,Koyaanisqatsi,Amazon.com,1,$8.99
MP3 Downloads,Laia Ladaia (Reza),Amazon.com,1,$0.99
MP3 Downloads,Lapinha,Amazon.com,1,$0.99
Health & Personal Care,Large Bag of Bones - 10 Pounds (BONES1),Third Party,2,$65.72
MP3 Downloads,Lean On Me (Single Version),Third Party,1,$0.99
Books,Learn Excel 2007 Essential Skills with the Smart Method: Courseware Tutorial for Self-Instruction to Beginner and Intermediate Level,Amazon.com,1,$14.95
Books,Learn Excel from Mr. Excel: 277 Excel Mysteries Solved,Third Party,1,$11.67
Kitchen & Housewares,LEATHER BRIEFCASE,Third Party,1,$15.95
Video Games,LEGO Batman,Third Party,1,$26.88
Books,Let the Great World Spin: A Novel,Amazon.com,1,$7.50
Apparel & Accessories,"Levi's Men's 550 Big & Tall Relaxed Fit Jean, Medium Stonewash, 56x30",Amazon.com,1,$31.99
Tools & Hardware,"Leviton 612-6260M-00W Decora 60-30-20-10 Preset Minute Electronic Timer, White",Amazon.com,2,$49.98
Books,"Life Is a Verb: 37 Days to Wake Up, Be Mindful, and Live Intentionally",Third Party,1,$8.11
Music,Live at the Wolf,Amazon.com,1,$15.98
Kitchen & Housewares,MAC brand Santoku Knife w/Bolster (#MSK65),Third Party,1,$82.00
Video Games,Mahjong Quest: An Epic Tale of Tile Matching,Third Party,1,$0.79
Books,Make the Winning Bid: Bidding Guidelines for the Advancing Player,Amazon.com,1,$14.35
Electronics,Manfrotto 681B Professional Aluminum Monopod (Black),Third Party,1,$59.90
Apparel & Accessories,Marc by Marc Jacobs Totally Turnlock Posh Shoudler Bag Tote Lime,Third Party,1,$429.99
Books,Mastering VBA for Microsoft Office 2007,Amazon.com,1,$31.49
Sports & Outdoors,Maxell 2025 Lithium Button Cell Battery,Third Party,1,$3.74
Books,"Me, Myself, and Bob: A True Story About Dreams, God, and Talking Vegetables",Amazon.com,1,$10.19
Kindle eBooks,MEG: Hell's Aquarium,Amazon.com,1,$7.99
Health & Personal Care,Mental Clarity 60 VegiCaps,Third Party,1,$20.97
Music,Merriweather Post Pavilion,Amazon.com,1,$9.99
Sports & Outdoors,Metal Pealess Waterproof Whistle,Third Party,15,$18.75
Books,Michael Freeman's Perfect Exposure: The Professional's Guide to Capturing Perfect Digital Photographs,Amazon.com,1,$19.77
Books,Microsoft  Office Excel 2003 Inside Out (Microsoft Office Excel Inside Out),Amazon.com,1,$29.69
Books,Microsoft  Office Outlook  2007 Inside Out,Third Party,1,$5.98
Books,"Microsoft Access 2003 Forms, Reports, and Queries (Business Solutions)",Third Party,1,$19.47
Books,Microsoft Excel 2000 Bible,Amazon.com,1,$30.39
Books,Microsoft Excel 2000 Bible,Third Party,1,$3.98
Books,Microsoft Excel 2000 Bible,Third Party,1,$3.62
Books,Microsoft Excel 2000 Power Programming with VBA,Amazon.com,1,$31.49
Books,Microsoft Excel 2000 Power Programming with VBA,Third Party,1,$15.00
Books,Microsoft Excel 2000 Power Programming with VBA,Third Party,1,$6.66
Books,Microsoft Excel 2000 Power Programming with VBA,Third Party,1,$1.10
Books,Microsoft Excel 2000 Power Programming with VBA,Third Party,1,$0.93
Books,Microsoft Excel 2002 Formulas,Amazon.com,2,$52.78
Books,Microsoft Excel 2002 Formulas,Amazon.com,1,$28.15
Books,Microsoft Excel 2002 Formulas,Third Party,1,$10.00
Books,Microsoft Excel 2002 Formulas,Third Party,1,$9.00
Books,Microsoft Excel 2002 Formulas,Third Party,1,$6.99
Books,Microsoft Excel 2002 Formulas,Third Party,1,$4.07
Books,Microsoft Excel 2002 Formulas,Third Party,1,$0.01
Books,"Microsoft Excel 2003 Advanced & Macros Quick Reference Guide (Cheat Sheet of Instructions, Tips & Shortcuts - Laminated)",Amazon.com,2,$7.20
Books,Microsoft Excel 2003 Advanced Quick Source Guide,Amazon.com,1,$4.95
Books,"Microsoft Excel 2003 Charts & Lists Quick Reference Guide (Cheat Sheet of Instructions, Tips & Shortcuts - Laminated)",Amazon.com,1,$3.60
Books,"Microsoft Excel 2003 Introduction Quick Reference Guide (Cheat Sheet of Instructions, Tips & Shortcuts - Laminated)",Amazon.com,1,$3.60
Books,Microsoft Excel 2003 Quick Source Guide,Amazon.com,1,$4.95
Books,"Microsoft Excel 2007 Charts & Tables Quick Reference Guide (Cheat Sheet of Instructions, Tips & Shortcuts - Laminated)",Amazon.com,1,$3.60
Electronics,Microsoft EXCEL 97/ Visual Basic Step-by-Step Book & Disk,Third Party,1,$10.88
Books,Microsoft Excel and Access Integration: With Microsoft Office 2007,Third Party,1,$21.22
Books,"Microsoft Office Access 2003: Comprehensive Concepts and Techniques, CourseCard Edition (Shelly Cashman)",Third Party,1,$14.00
Books,Microsoft Office Excel 2007 Formulas & Functions For Dummies,Amazon.com,1,$6.00
Books,Microsoft Office Excel 2007 Inside Out,Third Party,1,$18.64
Books,Microsoft Office Excel 2007: Data Analysis and Business Modeling (Bpg -- Other),Amazon.com,1,$26.39
Books,Microsoft Office Excel 2007: Data Analysis and Business Modeling (Bpg -- Other),Amazon.com,1,$26.39
Books,Microsoft Office Excel 2007: Data Analysis and Business Modeling (Bpg -- Other),Third Party,1,$26.39
Books,Microsoft Office Excel 2007: Data Analysis and Business Modeling (Bpg -- Other),Amazon.com,1,$26.39
Books,"Microsoft Office PowerPoint 2003: Comprehensive Concepts and Techniques, CourseCard Edition",Third Party,1,$4.50
Books,"Microsoft Office Word 2003: Comprehensive Concepts and Techniques, CourseCard Edition (Shelly Cashman Series)",Third Party,1,$4.50
Books,Microsoft Outlook 2007 Bible,Amazon.com,1,$26.39
Books,"Microsoft Outlook 2007 Calendar, Contacts, Tasks Quick Reference Guide (Cheat Sheet of Instructions, Tips & Shortcuts - Laminated)",Amazon.com,1,$3.60
Books,"Microsoft PowerPoint 2003 Advanced Quick Reference Guide (Cheat Sheet of Instructions, Tips & Shortcuts - Laminated)",Amazon.com,2,$7.20
Books,Microsoft PowerPoint 2003 Advanced Quick Source Guide,Amazon.com,1,$4.95
Books,"Microsoft PowerPoint 2003 Introduction Quick Reference Guide (Cheat Sheet of Instructions, Tips & Shortcuts - Laminated)",Amazon.com,1,$3.60
Books,Microsoft PowerPoint 2003 Quick Source Guide,Amazon.com,1,$4.95
Books,"Microsoft PowerPoint 2007 Advanced Quick Reference Guide (Cheat Sheet of Instructions, Tips & Shortcuts - Laminated)",Amazon.com,1,$3.60
Books,Microsoft Project 2007: The Missing Manual,Amazon.com,1,$26.40
Books,Microsoft SQL Server 2005 Unleashed,Amazon.com,1,$40.94
Books,Microsoft VBScript: Step by Step,Third Party,1,$14.54
Books,"Microsoft Visio 2007 Introduction Quick Reference Guide (Cheat Sheet of Instructions, Tips & Shortcuts - Laminated)",Amazon.com,1,$3.60
Books,Microsoft Word 2003 Advanced Quick Source Guide,Amazon.com,1,$4.95
Books,"Microsoft Word 2003 Macros & Templates Quick Reference Guide (Cheat Sheet of Instructions, Tips & Shortcuts - Laminated)",Amazon.com,1,$3.60
Books,Microsoft Word 2007 Bible,Amazon.com,1,$26.39
Books,Microsoft Word 2007 Bible,Amazon.com,1,$20.06
DVD,Midsomer Murders: Set 12,Third Party,1,$30.35
DVD,Miffy and Friends: Miffy's School Day,Third Party,1,$4.01
MP3 Downloads,Ministry of Sound: Annual 2009 [Explicit],Amazon.com,1,$7.99
Books,MLA Handbook for Writers of Research Papers 7th Edition,Amazon.com,1,$15.52
DVD,"Monsters, Inc. (4-Disc Edition) [Blu-ray]",Amazon.com,1,$22.99
Music,Mountain Music Of Kentucky [2-CD Set],Amazon.com,1,$22.99
Toys & Games,Moustache - Six Way,Third Party,1,$1.98
Sports & Outdoors,"MPI Outdoors ""You Can Survive"" Compact-Outdoor Survival Stoge and Supplements",Third Party,1,$13.50
Kitchen & Housewares,MR. BAR-B-Q Outdoor Patio Chair Cover,Third Party,1,$8.99
Kitchen & Housewares,Mr. Beer Deluxe Bottling System,Amazon.com,1,$14.98
MP3 Downloads,Mr. Blue Sky (Album Version),Third Party,1,$0.99
Kindle eBooks,Mr. Penumbra's Twenty-Four-Hour Book Store,Amazon.com,1,$0.80
MP3 Downloads,Mr. Sandman,Third Party,1,$0.99
Books,Mr. Spreadsheet's Excel 2007 Library,Amazon.com,2,$214.18
Books,Mr. Spreadsheet's Excel 2007 Library,Third Party,2,$214.18
Books,Mr. Spreadsheet's Excel 2007 Library,Third Party,1,$107.09
Books,Mr. Spreadsheet's Excel 2007 Library,Amazon.com,1,$107.09
Books,Mr. Spreadsheet's Excel 2007 Library,Amazon.com,1,$107.09
Books,Mr. Spreadsheet's Excel 2007 Library,Amazon.com,1,$107.09
Books,Mr. Spreadsheet's Excel 2007 Library,Amazon.com,1,$107.09
Books,Mr. Spreadsheet's Excel 2007 Library,Amazon.com,1,$107.09
Books,Mr. Spreadsheet's Excel 2007 Library,Amazon.com,1,$107.09
Books,Mr. Spreadsheet's Excel 2007 Library,Amazon.com,1,$107.09
Books,Mr. Spreadsheet's Excel 2007 Library,Amazon.com,1,$107.09
Books,Mr. Spreadsheet's Excel 2007 Library,Amazon.com,1,$107.09
Books,Mr. Spreadsheet's Excel 2007 Library,Amazon.com,1,$107.09
Books,Mr. Spreadsheet's Excel 2007 Library,Amazon.com,1,$107.09
Books,Mr. Spreadsheet's Excel 2007 Library,Third Party,1,$107.09
Books,Mr. Spreadsheet's Excel 2007 Library,Amazon.com,1,$107.09
Books,Mr. Spreadsheet's Excel 2007 Library,Amazon.com,1,$107.09
Books,Mr. Spreadsheet's Excel 2007 Library,Amazon.com,1,$107.09
Books,Mr. Spreadsheet's Excel 2007 Library,Amazon.com,1,$107.09
Books,Mr. Spreadsheet's Excel 2007 Library,Amazon.com,1,$107.09
Books,Mr. Spreadsheet's Excel 2007 Library,Amazon.com,1,$107.09
Books,Mr. Spreadsheet's Excel 2007 Library,Amazon.com,1,$107.09
Books,Mr. Spreadsheet's Excel 2007 Library,Amazon.com,1,$107.09
Books,Mr. Spreadsheet's Excel 2007 Library,Amazon.com,1,$107.09
Books,Mr. Spreadsheet's Excel 2007 Library,Amazon.com,1,$107.09
Books,Mr. Spreadsheet's Excel 2007 Library,Third Party,1,$107.09
Books,Mr. Spreadsheet's Excel 2007 Library,Amazon.com,1,$107.09
Books,Mr. Spreadsheet's Excel 2007 Library,Amazon.com,1,$107.09
Books,Mr. Spreadsheet's Excel 2007 Library,Amazon.com,1,$107.09
Books,Mr. Spreadsheet's Excel 2007 Library,Amazon.com,1,$107.09
Books,Mr. Spreadsheet's Excel 2007 Library,Amazon.com,1,$107.09
Books,Mr. Spreadsheet's Excel 2007 Library,Amazon.com,1,$107.09
Books,Mr. Spreadsheet's Excel 2007 Library,Amazon.com,1,$107.09
Books,Mr. Spreadsheet's Excel 2007 Library,Third Party,1,$107.09
Books,Mr. Spreadsheet's Excel 2007 Library,Amazon.com,1,$107.09
Books,Mr. Spreadsheet's Excel 2007 Library,Amazon.com,1,$107.09
Books,Mr. Spreadsheet's Excel 2007 Library,Amazon.com,1,$107.09
Books,Mr. Spreadsheet's Excel 2007 Library,Third Party,1,$107.09
Books,Mr. Spreadsheet's Excel 2007 Library,Third Party,1,$96.82
Books,Mr. Spreadsheet's Excel 2007 Library,Third Party,1,$96.67
Books,Mr. Spreadsheet's Excel 2007 Library,Third Party,1,$94.11
Books,Mr. Spreadsheet's Excel 2007 Library,Third Party,1,$93.79
Books,Mr. Spreadsheet's Excel 2007 Library,Third Party,1,$93.78
Video On Demand Videos,My Best Friend's Girl,Amazon.com,1,$0.99
Books,My Book of Coloring (Kumon Workbooks),Amazon.com,1,$6.95
Books,My First Book Of Cutting (Kumon Workbooks),Amazon.com,1,$6.95
MP3 Downloads,Naqoyqatsi (Original Motion Picture Soundtrack),Third Party,1,$9.99
Other,Nerd Glasses,Third Party,1,$5.95
Electronics,Netgear Digital Entertainer Live Wireless USB Adapter for EVA2000 Digital Entertainer Live,Amazon.com,1,$36.94
Toys & Games,Neurosmith Together Tunes Musical Play Block,Third Party,1,$79.99
Kindle eBooks,"Never Eat Alone: And Other Secrets to Success, One Relationship at a Time",Amazon.com,1,$14.82
Books,New and Selected Poems: Volume One,Amazon.com,1,$19.80
Health & Personal Care,"New Chapter - Every Woman's One Daily, 90 tablets",Third Party,1,$35.95
Books,Night (Oprah's Book Club),Amazon.com,1,$9.00
Kindle eBooks,Night of Thunder: A Bob Lee Swagger Novel,Third Party,1,$7.99
Other,Nintendo Wii Fit Board Anti-Slip Grip Foot Pad Silicone Skin - Black,Third Party,1,$8.50
Electronics,No 15 Color Return Prog Print Cartridge,Amazon.com,1,$21.93
Books,No Logo: 10th Anniversary Edition with a New Introduction by the Author,Amazon.com,1,$10.88
Health & Personal Care Appliances,Norelco NT9110 Nose & Ear Hair Trimmer,Third Party,1,$11.75
DVD,Not Just the Best of the Larry Sanders Show,Amazon.com,1,$27.99
Books,NurtureShock: New Thinking About Children,Amazon.com,1,$14.99
Other,OCTO Metal Stand for Amazon Kindle 2,Third Party,1,$14.99
Books,Office 2007 All-in-One Desk Reference For Dummies,Amazon.com,1,$18.89
Books,"Office 2007 Library: Excel 2007 Bible, Access 2007 Bible, PowerPoint 2007 Bible, Word 2007 Bible",Amazon.com,1,$91.34
Books,"Office and SharePoint 2007 User's Guide: Integrating SharePoint with Excel, Outlook, Access and Word (Expert's Voice)",Amazon.com,1,$29.69
MP3 Downloads,Oh Mary,Amazon.com,1,$0.99
Books,"On Combat, The Psychology and Physiology of Deadly Conflict in War and in Peace",Amazon.com,1,$16.47
Books,On Killing: The Psychological Cost of Learning to Kill in War and Society,Amazon.com,1,$10.87
Books,One Magical Sunday: (But Winning Isn't Everything),Amazon.com,1,$11.99
Health & Personal Care Appliances,One-Pound Fat Replica 1Lb Fat Model Replica,Third Party,1,$33.30
Health & Personal Care Appliances,One-Pound Fat Replica 1Lb Fat Model Replica,Third Party,1,$33.30
Health & Personal Care,One-pound Muscle Replica,Third Party,1,$29.99
Books,"Optimal Portfolio Modeling, CD-ROM includes Models Using Excel and R: Models to Maximize Returns and Control Risk in Excel and R (Wiley Trading)",Third Party,1,$15.00
Health & Personal Care,"Optimum Nutrition Gold Standard 100% Whey, Double Rich Chocolate, 5.15-Pound Tub",Amazon.com,1,$39.45
Electronics,"Original Apple USB Power Adapter for iPod, iPhone, iPhone 3G and iPhone 3Gs",Third Party,1,$8.65
Music,Our Lady Queen of the Angels,Amazon.com,1,$15.98
Books,Out of Eden: The Peopling of the World,Third Party,1,$11.73
Books,Outliers: The Story of Success,Amazon.com,1,$11.75
Books,Outlook 2007 For Dummies,Third Party,1,$2.33
Kitchen & Housewares,Oxo Good Grips Professional 6-1/2-Inch Santoku Knife,Amazon.com,1,$19.99
Tools & Hardware,"Package of 10 Replacement Kenmore Micro Bags Upright Model 5068,",Third Party,2,$21.90
Apparel & Accessories,Paddy's Pub Flipadelphia Flip Cup Tournament T-Shirt (Small),Third Party,1,$19.99
MP3 Downloads,Pa-Kumpa!!,Amazon.com,1,$0.99
Books,Paper Towns,Amazon.com,1,$12.23
Books,Paranoia,Amazon.com,1,$6.99
Books,Paranoia,Amazon.com,1,$6.99
Books,Paranoia,Third Party,1,$0.49
Books,Paranoia,Third Party,1,$0.15
Books,Perdido Street Station,Third Party,1,$6.73
Video Games,Perfect Dark Zero Limited Collector's Edition,Third Party,1,$8.99
Books,Pets Go Pop!,Amazon.com,1,$12.23
Pet Supplies,PetSafe Outdoor Ultrasonic Bark Deterrent,Amazon.com,1,$34.49
Health & Personal Care Appliances,Philips Norelco T780 Rechargeable Vacuum Trimmer,Amazon.com,1,$25.99
Books,"Pink Brain, Blue Brain: How Small Differences Grow Into Troublesome Gaps -- And What We Can Do About It",Amazon.com,1,$16.50
Books,Pivot Table Data Crunching (Business Solutions),Amazon.com,1,$23.09
Books,Pivot Table Data Crunching (Business Solutions),Third Party,1,$17.98
Books,Pivot Table Data Crunching for Microsoft Office Excel 2007,Amazon.com,1,$23.09
Books,Pivot Table Data Crunching for Microsoft Office Excel 2007 (Business Solutions),Amazon.com,1,$23.09
Books,Pivot Table Data Crunching for Microsoft Office Excel 2007 (Business Solutions),Amazon.com,1,$23.09
Books,Pivot Table Data Crunching for Microsoft Office Excel 2007 (Business Solutions),Amazon.com,1,$23.09
Books,Pivot Table Data Crunching for Microsoft Office Excel 2007 (Business Solutions),Amazon.com,1,$23.09
Books,Pivot Table Data Crunching for Microsoft Office Excel 2007 (Business Solutions),Amazon.com,1,$23.09
Music,"Play It Again, Shan",Third Party,1,$1.83
Electronics,Polaroid PoGo Instant Mobile Printer,Third Party,1,$59.99
Electronics,Polaroid Zink Media 30-Pack for PoGo Instant Mobile Printer,Amazon.com,1,$12.99
Books,Possession: A Romance,Third Party,1,$4.00
Books,Power Excel 2007 with MrExcel (Video Training) (LiveLessons),Amazon.com,1,$26.39
Books,PowerPoint 2003 for Dummies,Amazon.com,1,$14.95
Books,PowerPoint 2003 for Dummies,Third Party,1,$14.95
Books,PowerPoint 2007 Bible,Amazon.com,1,$26.39
Books,"Prepare for Surgery, Heal Faster",Amazon.com,1,$10.17
Books,Principles of Finance with Excel: Includes CD,Amazon.com,1,$67.23
Books,"Pro C# 2008 and the .NET 3.5 Platform, Fourth Edition (Windows.Net)",Third Party,1,$42.09
Books,Professional Excel Development: The Definitive Guide to Developing Applications Using Microsoft Excel and VBA (Addison-Wesley Microsoft Technolo,Amazon.com,1,$40.94
Books,Professional Excel Development: The Definitive Guide to Developing Applications Using Microsoft Excel and VBA (Addison-Wesley Microsoft Technolo,Amazon.com,1,$40.94
Books,Professional Excel Development: The Definitive Guide to Developing Applications Using Microsoft Excel and VBA (Addison-Wesley Microsoft Technolo,Amazon.com,1,$40.94
Books,Professional Excel Development: The Definitive Guide to Developing Applications Using Microsoft Excel and VBA (Addison-Wesley Microsoft Technolo,Amazon.com,1,$40.94
Books,Professional Excel Development: The Definitive Guide to Developing Applications Using Microsoft Excel and VBA (Addison-Wesley Microsoft Technolo,Amazon.com,1,$40.94
Books,"Professional Excel Development: The Definitive Guide to Developing Applications Using Microsoft Excel, VBA, and .NET (2nd Edition)",Amazon.com,1,$37.79
Books,"Professional Excel Development: The Definitive Guide to Developing Applications Using Microsoft Excel, VBA, and .NET (2nd Edition)",Amazon.com,1,$37.79
Books,"Professional Excel Development: The Definitive Guide to Developing Applications Using Microsoft Excel, VBA, and .NET (2nd Edition)",Amazon.com,1,$37.79
Books,"Professional Excel Development: The Definitive Guide to Developing Applications Using Microsoft Excel, VBA, and .NET (2nd Edition)",Amazon.com,1,$37.79
Books,"Professional Excel Development: The Definitive Guide to Developing Applications Using Microsoft Excel, VBA, and .NET (2nd Edition) (Addison-Wesley Mic",Amazon.com,1,$37.79
Books,"Professional Excel Development: The Definitive Guide to Developing Applications Using Microsoft Excel, VBA, and .NET (2nd Edition) (Addison-Wesley Mic",Amazon.com,1,$37.79
Books,"Professional Excel Development: The Definitive Guide to Developing Applications Using Microsoft Excel, VBA, and .NET (2nd Edition) (Addison-Wesley Mic",Amazon.com,1,$37.79
Books,Programming Excel with VBA and .NET,Amazon.com,1,$34.64
Books,Programming Excel with VBA and .NET,Amazon.com,1,$34.64
Books,Programming Excel with VBA and .NET,Third Party,1,$27.48
Books,Python Programming for the Absolute Beginner,Third Party,1,$13.99
Health & Personal Care,Quabaug Corp. Barge Cement Quart,Third Party,1,$48.56
Books,Quantitative Trading Strategies: Harnessing the Power of Quantitative Techniques to Create a Winning Trading Program (McGraw-Hill Traders Edge Series),Amazon.com,1,$40.95
Books,Quantum Physics For Dummies (For Dummies (Math & Science)),Amazon.com,1,$13.59
Books,Quattro Pro for DOS for Dummies,Third Party,1,$0.75
Books,Quattro Pro for DOS for Dummies,Third Party,1,$0.29
Software,QuickBooks Simple Start 2009,Third Party,1,$14.95
MP3 Downloads,Raditude (Amazon MP3 Deluxe Exclusive Version),Amazon.com,1,$9.49
Books,Rags of My Soul: Poems,Third Party,1,$1.69
Books,Raising Jake,Third Party,1,$7.47
DVD,Rambo [Blu-ray],Third Party,1,$13.28
Magazine Subscriptions,Ranger Rick,Amazon.com,1,$19.95
Books,Reading Financial Reports For Dummies (For Dummies (Business & Personal Finance)),Amazon.com,1,$14.95
Books,Reasons for and Advantages of Breathing: Stories (P.S.),Amazon.com,1,$10.97
Tools & Hardware,"Redi Shade 3102496 Fabric Window Shade 36-by-72-Inch, White",Amazon.com,1,$9.44
Kitchen & Housewares,"Reflections 60 by 120-Inch Oblong / Rectangle Tablecloth, Merlot",Amazon.com,1,$31.07
Books,Reharmonization Techniques (Berklee Methods),Amazon.com,1,$19.77
Music,Rehearsals for Departure,Amazon.com,1,$11.98
Books,Restless: A Novel,Amazon.com,1,$10.17
Books,RibbonX: Customizing the Office 2007 Ribbon,Amazon.com,1,$26.39
Music,Road to the Riches,Third Party,1,$28.35
Kindle eBooks,Rogue Forces,Amazon.com,1,$9.99
MP3 Downloads,Roll On,Amazon.com,1,$0.99
MP3 Downloads,Rompe [Explicit],Amazon.com,1,$0.99
Music,Roselight,Amazon.com,1,$16.99
MP3 Downloads,Roundabout,Amazon.com,1,$0.99
Kitchen & Housewares,Rubbermaid 7J18 Durable 3-Piece Canister Set,Third Party,2,$27.10
Music,Rush,Amazon.com,1,$7.97
MP3 Downloads,Sad Man Happy Man,Amazon.com,1,$9.99
Health & Personal Care,"Saint Anthony, Patron Saint of Bacon",Third Party,1,$7.81
Beauty,Salve 1 oz. by Cloverine,Third Party,1,$7.00
Software,Sanitarium,Third Party,1,$3.99
Electronics,SANYO eneloop 4 Pack AA NiMH Pre-Charged Rechargeable Batteries,Amazon.com,1,$12.71
DVD,Saturday Night Live - The Best of Steve Martin,Amazon.com,1,$6.99
MP3 Downloads,School Day,Amazon.com,2,$1.98
MP3 Downloads,School Day (Ring Ring Goes The Bell),Amazon.com,2,$1.98
Electronics,Scosche sleekSYNC Retractable USB 2.0 cable for iPod and iPhone (Black),Third Party,1,$17.54
Electronics,Seagate FreeAgent Go Dock and Case 100521233 (Silver/White),Amazon.com,1,$22.85
DVD,Seeing and Savoring Jesus Christ,Amazon.com,1,$17.99
Books,Selling a Practice - Straightforward Answers to Tough Questions,Third Party,1,$4.80
Electronics,Sennheiser HD 205 Studio Monitor DJ Headphones w/ Swivel Ear Cup,Amazon.com,1,$39.80
Sports & Outdoors,Serfas Stop Sign Bicycle Taillight (Red),Amazon.com,1,$15.00
Health & Personal Care,"Seventh Generation Training Pants, 3t-4t, (32-40 Lbs), 26-count Packages (Pack of 4) (104 Training Pants)",Amazon.com,1,$45.99
DVD,Sgt. Pepper's Lonely Hearts Club Band,Amazon.com,1,$7.49
Books,SharePoint 2007 User's Guide: Learning Microsoft's Collaboration and Productivity Platform,Amazon.com,1,$26.39
Books,SharePoint 2007 User's Guide: Learning Microsoft's Collaboration and Productivity Platform,Amazon.com,1,$26.39
Books,Sharpening the Warriors Edge: The Psychology & Science of Training,Amazon.com,1,$13.57
Video Games,Sid Meier's Civilization IV: Colonization,Amazon.com,1,$27.99
Electronics,SIIG CB-SA0111-S1 3.3-Feet Serial ATA External Cable,Amazon.com,1,$9.82
Music,Simple Things,Amazon.com,1,$12.49
Books,Simply Christian: Why Christianity Makes Sense,Third Party,1,$7.99
DVD,"Six Days, Seven Nights",Amazon.com,1,$12.99
Books,Slash,Amazon.com,1,$10.87
Toys & Games,Smart Ass,Amazon.com,1,$19.68
Health & Personal Care,Solaray - Empty Gelatin Capsules Size 000 100 Cap,Third Party,1,$5.68
Pet Supplies,"Solid Gold Chicken, Turkey, White Fish and Liver Formula",Third Party,1,$26.94
Electronics,Sony LCS-CST General Purpose Soft Carrying Case for Slim Cybershot Digital Cameras,Amazon.com,1,$8.70
Kindle eBooks,Soul Identity,Amazon.com,1,$0.01
Kindle eBooks,Soul Identity,Amazon.com,1,$0.01
Other,Soul's Desire,Amazon.com,1,$0.49
MP3 Downloads,Space Oddity (1999 Digital Remaster),Amazon.com,1,$0.89
Books,Special Edition Using Microsoft Office Excel 2003,Third Party,1,$14.99
Books,Special Edition Using Microsoft Office Excel 2007,Amazon.com,1,$26.39
Books,Spectacular Sins: And Their Global Purpose in the Glory of Christ,Amazon.com,1,$10.87
Kitchen & Housewares,Starfrit Manual Food Processor,Amazon.com,2,$35.36
Books,Statistical Analysis with Excel For Dummies,Amazon.com,1,$19.79
Jewelry,"Sterling Silver Filigree Circle Pendant, 18""",Amazon.com,1,$35.00
Jewelry,Sterling Silver Marcasite & Garnet-Colored Glass Teardrop Earrings,Amazon.com,1,$39.00
MP3 Downloads,Strange Days,Amazon.com,1,$0.99
Video Games,Street Fighter IV Collector's Edition,Amazon.com,1,$79.99
MP3 Downloads,Streets Of Laredo,Amazon.com,1,$0.99
Books,Student Study Guide for Biology,Third Party,1,$63.72
Books,Substitute Teaching from A to Z,Amazon.com,1,$10.17
Health & Personal Care,Sung by Alfred Sung for Women 3.4 oz Eau de Toilette Spray,Third Party,1,$23.16
Books,Super Crunchers: Why Thinking-By-Numbers is the New Way To Be Smart,Amazon.com,1,$10.98
Video Games,Super Mario Galaxy,Amazon.com,1,$39.99
DVD,Super Why!: Jack and the Beanstalk & Other Story Book Adventures,Third Party,1,$8.33
DVD,"Superman - The Animated Series, Volume Two (The New Superman Adventures) (DC Comics Classic Collection)",Amazon.com,1,$21.99
MP3 Downloads,Supermoon,Amazon.com,1,$8.99
Books,"Surely You're Joking, Mr. Feynman! (Adventures of a Curious Character)",Third Party,1,$4.21
Office Products,Swingline 747 Polished Chrome Classic Desk Stapler (S7074720E),Amazon.com,1,$19.49
MP3 Downloads,Sympathy For The Devil,Amazon.com,1,$0.99
Books,Tagalog (Spoken World),Amazon.com,1,$32.97
Music,Take Me Home,Amazon.com,1,$9.99
Kitchen & Housewares,Taylor Commercial Waterproof Digital Thermometer,Amazon.com,1,$16.49
Books,Teach Yourself VISUALLY Excel 2003 (Teach Yourself VISUALLY (Tech)),Amazon.com,1,$16.49
Books,Teach Yourself VISUALLY Microsoft Word 2003 (Teach Yourself VISUALLY (Tech)),Third Party,1,$16.49
Books,Teach Yourself VISUALLY PowerPoint 2003 (Teach Yourself VISUALLY (Tech)),Third Party,1,$22.49
MP3 Downloads,Tequila (Original),Amazon.com,1,$0.89
MP3 Downloads,Terrapin Station,Amazon.com,1,$5.99
Pet Supplies,"TetraMin Flakes, 2.20 Ounces",Amazon.com,1,$6.99
Electronics,Texas Instruments TI1795SV Solar Calculator,Amazon.com,1,$13.18
Books,"The 7 Principles of Fat Burning: Get Healthy, Lose Weight and Keep It Off!",Third Party,1,$12.47
MP3 Downloads,The 99 Most Essential Vivaldi Masterpieces (Amazon Exclusive),Amazon.com,16,$47.84
MP3 Downloads,The 99 Most Essential Vivaldi Masterpieces (Amazon Exclusive),Amazon.com,9,$26.91
MP3 Downloads,The 99 Most Essential Vivaldi Masterpieces (Amazon Exclusive),Amazon.com,3,$8.97
Books,The Adobe Photoshop Lightroom 2 Book for Digital Photographers (Voices That Matter),Amazon.com,1,$29.69
Books,The Anthologist: A Novel,Third Party,1,$25.00
Books,The Anthologist: A Novel,Amazon.com,1,$16.50
DVD,The Apartment,Third Party,1,$12.99
DVD,"The Art of Exotic Dancing for Everyday Women 3 DVD Set! Core Moves, Develop Your Routine, and Chair Dancing",Third Party,1,$16.99
Music,The Beatles Stereo Box Set,Amazon.com,1,$179.99
Books,The Bush Boom: How a Misunderestimated President Fixed a Broken Economy,Third Party,1,$7.00
Music,The Bytches,Third Party,1,$16.99
MP3 Downloads,The Cattle Call,Amazon.com,1,$0.99
Books,The Complete Idiot's Guide to Writing Erotic Romance,Amazon.com,1,$11.53
Books,The Consolations of Philosophy,Third Party,1,$2.50
Music,The Crow: New Songs for the Five-String Banjo,Amazon.com,1,$10.99
Music,The Crow: New Songs for the Five-String Banjo,Amazon.com,1,$10.99
Video Games,The Darkness,Third Party,1,$6.96
Music,The Definitive Collection,Amazon.com,1,$9.97
Books,The Drunkard's Walk: How Randomness Rules Our Lives,Amazon.com,1,$16.47
Books,The Echo Maker: A Novel,Amazon.com,1,$10.20
Kindle eBooks,The Elements of Style (Text to the Original Edition of 1918),Amazon.com,1,$2.39
Books,The Elephanta Suite: Three Novellas,Third Party,1,$6.25
Books,The Elephanta Suite: Three Novellas,Third Party,1,$5.78
Books,The Elephanta Suite: Three Novellas,Third Party,1,$3.49
DVD,The Emperor's Club (Widescreen Edition),Amazon.com,1,$9.99
Kindle eBooks,The Everything Word Scramble Book,Amazon.com,1,$9.99
Other,The Extraordinary Leader,Amazon.com,1,$2.99
Books,The Fermata,Amazon.com,1,$11.97
Books,The Fermata,Third Party,1,$1.25
Books,The Fermata (Vintage Blue),Third Party,1,$0.13
Baby,The First Years Breastflow BPA Free Starter Set,Amazon.com,1,$19.99
Baby,The First Years Breastflow Slow - Medium Flow Nipple - 2 Pack,Third Party,1,$13.95
Kindle eBooks,The Food of a Younger Land,Amazon.com,1,$9.99
Books,"The Food of a Younger Land: A Portrait of American Food--Before the National Highway System, Before Chain Restaurants, and Before Frozen Food, When th",Amazon.com,1,$18.45
Books,"The Food of a Younger Land: A Portrait of American Food--Before the National Highway System, Before Chain Restaurants, and Before Frozen Food, When th",Amazon.com,1,$17.80
Books,"The Food of a Younger Land: A Portrait of American Food--Before the National Highway System, Before Chain Restaurants, and Before Frozen Food, When th",Third Party,1,$16.67
Books,The Girl Who Played with Fire,Third Party,1,$12.72
Books,The Grappler's Book of Strangles and Chokes,Amazon.com,1,$11.62
MP3 Downloads,The Greatest Hits Of Sergio Mendes And Brasil '66,Amazon.com,1,$7.97
Music,The Insider: Music From The Motion Picture,Third Party,1,$2.05
Books,The Instant Millionaire: A Tale of Wisdom and Wealth,Amazon.com,1,$9.95
Books,The Last Tycoons: The Secret History of Lazard FrÃ¨res & Co.,Amazon.com,1,$11.56
Kindle eBooks,The List,Amazon.com,1,$2.36
Kindle eBooks,The List,Amazon.com,1,$2.36
Books,The Lost Symbol,Amazon.com,1,$16.17
Books,The Lost Symbol,Amazon.com,1,$16.17
DVD,The Magic School Bus - Holiday Special,Third Party,1,$4.22
Books,The March: A Novel,Third Party,1,$3.05
Books,The Marlinspike Sailor,Amazon.com,1,$12.21
Kindle eBooks,The Metamorphosis,Amazon.com,1,$0.99
Books,The Mezzanine,Amazon.com,1,$11.16
Books,The Mezzanine,Third Party,1,$3.00
Kindle eBooks,The Middle of Things,Third Party,2,$2.00
Books,The Middle Temple Murder by J.S. Fletcher by J.S. Fletcher,Third Party,1,$4.29
Books,The Mosquito Coast,Third Party,1,$3.89
Books,The Name of the Rose: including the Author's Postscript,Amazon.com,1,$10.20
DVD,The Ninth Gate,Amazon.com,1,$7.49
Other,The Online Millionaire: Strategies for Building a Web-Based Empire on eBay and Beyond,Amazon.com,1,$2.49
DVD,The Out-of-Towners,Amazon.com,1,$9.98
Books,The Paradox of Choice: Why More Is Less,Amazon.com,1,$9.88
Books,The Piano Tuner: A Novel,Amazon.com,1,$10.17
Music,The Platinum Collection,Third Party,1,$4.30
Books,The PowerScore GMAT Critical Reasoning Bible: A Comprehensive System for Attacking the GMAT Critical Reasoning Questions,Third Party,1,$18.00
Books,The PowerScore GMAT Sentence Correction Bible,Amazon.com,1,$23.09
Books,"The Prize: The Epic Quest for Oil, Money and Power",Third Party,1,$0.69
Books,The R Book,Amazon.com,1,$88.00
Books,The Race...from Pit Row to Victory Lane,Amazon.com,1,$13.22
Books,The Red Queen: Sex and the Evolution of Human Nature,Amazon.com,1,$10.19
Books,"The Restaurant Managers Handbook: How to Set Up, Operate, and Manage a Financially Successful Food Service Operation",Third Party,1,$54.97
Music,The Sea to the North,Amazon.com,1,$16.99
Books,The Size of Thoughts: Essays and Other Lumber,Third Party,1,$2.68
Books,The Size of Thoughts: Essays and Other Lumber,Third Party,1,$0.96
Books,The Size of Thoughts: Essays and Other Lumber,Third Party,1,$0.75
Books,The Snowball: Warren Buffett and the Business of Life,Amazon.com,1,$23.10
Books,The Snowball: Warren Buffett and the Business of Life,Third Party,1,$3.49
Books,The Songlines,Amazon.com,1,$10.88
MP3 Downloads,The Soul Jazz Legacy - CTI: The Master Collection Volume 2,Third Party,1,$12.98
Books,"The Splicing Handbook: Techniques for Modern and Traditional Ropes, Second Edition",Amazon.com,1,$11.86
Music,The Story of the Ghost,Amazon.com,1,$14.99
Books,"The Three Marriages: Reimagining Work, Self and Relationship",Third Party,1,$6.98
Kindle eBooks,The Total Brain Workout,Amazon.com,1,$9.99
Music,THE ULTIMATE COLLECTION,Third Party,1,$19.41
Books,"The Visual Display of Quantitative Information, 2nd edition",Amazon.com,1,$28.80
Books,The World on Sunday : Graphic Art in Joseph Pulitzer's Newspaper (1898 - 1911),Amazon.com,1,$33.75
Books,The Worst Journey in the World (Penguin Classics),Amazon.com,1,$12.24
Electronics,Thermaltake Sata HDD USB Docking Station,Amazon.com,1,$36.99
Toys & Games,ThinkFun Gordians Knot,Amazon.com,1,$11.99
Kindle eBooks,This Is Not a Game: A Novel,Amazon.com,1,$9.99
Toys & Games,Thomas & Friends Wooden Railway - 6-1/2 Inch Single Curved Switch Track (2 pieces),Amazon.com,1,$12.94
Kindle eBooks,Thorn Queen,Third Party,1,$4.47
Music,"Throw Down Your Heart, Tales from the Acoustic Planet, Vol. 3: Africa Sessions",Amazon.com,1,$13.99
Music,"Throw Down Your Heart, Tales from the Acoustic Planet, Vol. 3: Africa Sessions",Amazon.com,1,$13.49
Kindle eBooks,Tic Tac Toe,Amazon.com,1,$0.99
Kindle eBooks,Tic Tac Toe,Amazon.com,1,$0.99
DVD,Time Bandits (Criterion Collection Spine #37),Third Party,1,$8.97
Books,To the Golden Shore: The Life of Adoniram Judson,Amazon.com,1,$13.60
MP3 Downloads,"Toccata and Fugue in D minor, BWV 565/Toccata (Instrumental)",Third Party,1,$0.99
DVD,Tommy,Amazon.com,1,$10.49
Health & Personal Care,Tommy Bahama By Tommy Bahama For Men. Cologne Spray 3.4 Ounces,Amazon.com,1,$32.98
Electronics,Transcend 16 GB SDHC SD Class 6 Flash Memory Card TS16GSDHC6E [Amazon Frustration-Free Packaging],Amazon.com,1,$26.99
Electronics,Transcend 8 GB SDHC SD Class 6 Flash Memory Card TS8GSDHC6E [Amazon Frustration-Free Packaging],Amazon.com,1,$15.99
Books,Transforming Performance Measurement: Rethinking the Way We Measure and Drive Organizational Success,Third Party,1,$3.97
Electronics,TrendyDigital MaxGuard Leather Cover + WaterGuard Waterproof Case for Kindle 2,Third Party,1,$39.99
Electronics,"TrendyDigital WaterGuard Waterproof Case for Kindle, Blue Border",Third Party,1,$15.99
Electronics,"TrendyDigital WaterGuard Waterproof Case for Kindle, Blue Border",Third Party,1,$15.99
Toys & Games,T-Rex Timberkit,Third Party,1,$21.66
Health & Personal Care,Trojan SUPRA Lubricated: 18-Pack of Condoms,Third Party,1,$21.85
DVD,Tuff Turf,Amazon.com,1,$8.99
Software,TurboTax Home & Business Federal + State + eFile 2008,Third Party,1,$47.15
Kindle eBooks,"Twilight (The Twilight Saga, Book 1)",Amazon.com,1,$6.59
Health & Personal Care,"TwinLab B-12 Dots Vitamin B-12 Tablets, 5000 mcg, 60-Count Bottles (Pack of 2)",Amazon.com,1,$24.55
Books,U and I: A True Story,Third Party,1,$3.50
MP3 Downloads,Ultra 2008,Amazon.com,1,$10.99
DVD,Up (4 Disc Combo Pack with Digital Copy and DVD) [Blu-ray],Amazon.com,1,$19.99
MP3 Downloads,Upa Neguinho,Amazon.com,1,$0.99
Electronics,"USB Data Cable + Rapid Car Charger With IC Chip For LG VX9100 EnV2, VX8610 Decoy, AX300, AX830 Glimmer, LX400 Blue, LX400 Burgundy, UX300 Cell Phone",Third Party,2,$8.34
Video Games,USB INTERCOOLER 4 COOLING FAN + HDMI CABLE for SONY PS3,Third Party,1,$9.45
Sports & Outdoors,UTG Airsoft Foldable Target With Zippered Mesh Pellet Trap,Amazon.com,2,$19.00
Kindle eBooks,Valor's Trial,Third Party,1,$6.39
Electronics,Vantec NexStar 3 NST-360U2-BK 3.5-Inch IDE to USB 2.0 External Hard Drive Enclosure (Onyx Black),Amazon.com,1,$30.99
Books,"Vault Career Guide to Investment Banking, 6th Edition",Amazon.com,1,$19.77
Books,"Vault Guide to Finance Interviews, 7th Edition",Amazon.com,1,$19.77
Books,VBA and Macros for Microsoft Office Excel 2007 (Business Solutions),Amazon.com,1,$26.39
Books,Vbscript for Dummies,Third Party,1,$74.95
Tools & Hardware,Vector VEC 024B 400-Watt D/C to A/C Power Inverter with Power Level Meter,Third Party,1,$42.99
Books,Victory Point: Operations Red Wings and Whalers - the Marine Corps' Battle for Freedom in Afghanistan,Amazon.com,1,$17.13
Kitchen & Housewares,Vinturi Essential Wine Aerator,Third Party,1,$31.88
Books,Vox,Amazon.com,1,$11.16
Books,Vox,Third Party,1,$4.00
Automotive,Wagan Twin USB/DC Cup Holder Adapter,Amazon.com,1,$9.37
MP3 Downloads,Wake Of The Flood,Amazon.com,1,$1.99
Music,Wake Your Daughter Up,Third Party,1,$6.12
Books,Wall Street Lingo: Thousands of Investment Terms Explained Simply,Amazon.com,1,$16.47
Music,Wanted: Dead or Alive,Third Party,1,$18.88
Music,Wavelength,Amazon.com,1,$10.97
Electronics,Western Digital 1 TB Caviar Green SATA Intellipower 32 MB Cache Bulk/OEM Desktop Hard Drive WD10EADS [Amazon Frustration-Free Packaging],Amazon.com,1,$84.99
MP3 Downloads,What A Wonderful World,Amazon.com,1,$0.89
Books,What I Learned Losing a Million Dollars,Third Party,1,$39.95
Kindle eBooks,What the Storm Means,Third Party,1,$2.39
Toys & Games,What Would Bacon Do Folder with Spinner,Third Party,1,$4.98
DVD,What's Eating Gilbert Grape (Special Collector's Edition),Amazon.com,1,$9.49
Books,When Genius Failed: The Rise and Fall of Long-Term Capital Management,Amazon.com,1,$10.47
MP3 Downloads,When Summer Turns To Snow,Amazon.com,1,$0.99
MP3 Downloads,Where The Sun Don't Shine,Amazon.com,1,$0.99
MP3 Downloads,Who Knew,Third Party,1,$0.99
MP3 Downloads,Who Knew,Amazon.com,1,$0.99
MP3 Downloads,Who Says,Third Party,1,$1.29
Music,Willie and the Wheel,Amazon.com,1,$10.99
Electronics,Winegard SS-3000 Amplified Indoor UHF/VHF Antenna,Amazon.com,1,$50.99
Kitchen & Housewares,Winware 3-Ply Stainless Steel 12 Inch Fry Pan with Silicone Sleeve,Amazon.com,1,$49.99
Books,Wisconsin Death Trip,Amazon.com,2,$46.14
Books,Wisconsin Death Trip,Amazon.com,1,$23.07
Books,Witch on the Water,Amazon.com,5,$46.60
Books,Wolf Hall: A Novel,Amazon.com,1,$11.00
Apparel & Accessories,"Woolrich Men's Wool Railroad Vest, NO COLOR, Size XL",Third Party,1,$65.00
Books,Word 2007 For Dummies,Third Party,1,$6.06
Books,Word 2007 For Dummies,Third Party,1,$3.99
Books,WordPress For Dummies,Amazon.com,1,$15.49
Books,Working with Difficult People (Worksmart Series),Third Party,1,$5.30
Toys & Games,"Working Wood Trebuchet DIY Kit 17"" X 7"" X 24""",Third Party,1,$39.95
Music,WOW Hits 2010,Third Party,1,$9.69
Books,Writing Excel Macros,Third Party,1,$6.96
Books,"Writing Excel Macros with VBA, 2nd Edition",Amazon.com,2,$52.78
Books,"Writing Excel Macros with VBA, 2nd Edition",Third Party,1,$18.98
Video Games,Xbox 360 Over Ear Headset,Amazon.com,1,$12.99
Books,XSLT 1.0 Pocket Reference (Pocket Reference (O'Reilly)),Amazon.com,1,$9.95
Video On Demand Videos,Year One (Rated),Amazon.com,1,$3.99
MP3 Downloads,Year Zero,Amazon.com,1,$9.49
MP3 Downloads,Ye-Me-Le,Amazon.com,1,$0.99
Sports & Outdoors,YZERMAN 2008 STANLEY CUP #19 Detroit Red Wings RBK Premier NHL Hockey Jersey by Reebok ( NHLPA Certified Custom Sewn Authentic Twill),Third Party,1,$180.00
Musical Instruments,Zoom MRT3 Micro Rhythm Trak Drum Machine,Amazon.com,1,$84.75
